video_id,youtube_url,category_1,category_2,label,embedding_path,status,error,resolved_path
gLNVbYmLs5w,https://www.youtube.com/watch?v=gLNVbYmLs5w,Arts and Entertainment,Books,books,/content/embeddings/books/gLNVbYmLs5w.pt,ok,,/content/embeddings/books/gLNVbYmLs5w.pt
AsX45U9GM14,https://www.youtube.com/watch?v=AsX45U9GM14,Arts and Entertainment,Music,music,/content/embeddings/music/AsX45U9GM14.pt,ok,,/content/embeddings/music/AsX45U9GM14.pt
mlggHrNbhAA,https://www.youtube.com/watch?v=mlggHrNbhAA,Arts and Entertainment,Costumes,costumes,/content/embeddings/costumes/mlggHrNbhAA.pt,ok,,/content/embeddings/costumes/mlggHrNbhAA.pt
ME-1oZEV-rU,https://www.youtube.com/watch?v=ME-1oZEV-rU,Arts and Entertainment,Books,books,/content/embeddings/books/ME-1oZEV-rU.pt,ok,,/content/embeddings/books/ME-1oZEV-rU.pt
z6D04hkb0V4,https://www.youtube.com/watch?v=z6D04hkb0V4,Arts and Entertainment,Costumes,costumes,/content/embeddings/costumes/z6D04hkb0V4.pt,ok,,/content/embeddings/costumes/z6D04hkb0V4.pt
Q2sMzev_5jM,https://www.youtube.com/watch?v=Q2sMzev_5jM,Arts and Entertainment,Costumes,costumes,/content/embeddings/costumes/Q2sMzev_5jM.pt,ok,,/content/embeddings/costumes/Q2sMzev_5jM.pt
C-PRiNUvPeY,https://www.youtube.com/watch?v=C-PRiNUvPeY,Arts and Entertainment,Music,music,/content/embeddings/music/C-PRiNUvPeY.pt,ok,,/content/embeddings/music/C-PRiNUvPeY.pt
stbVt4GqBa0,https://www.youtube.com/watch?v=stbVt4GqBa0,Arts and Entertainment,Costumes,costumes,/content/embeddings/costumes/stbVt4GqBa0.pt,ok,,/content/embeddings/costumes/stbVt4GqBa0.pt
OCniBEil5pA,https://www.youtube.com/watch?v=OCniBEil5pA,Arts and Entertainment,Costumes,costumes,/content/embeddings/costumes/OCniBEil5pA.pt,ok,,/content/embeddings/costumes/OCniBEil5pA.pt
u54LURD5YQ4,https://www.youtube.com/watch?v=u54LURD5YQ4,Arts and Entertainment,Music,music,/content/embeddings/music/u54LURD5YQ4.pt,ok,,/content/embeddings/music/u54LURD5YQ4.pt
F1gL1-9iPnI,https://www.youtube.com/watch?v=F1gL1-9iPnI,Arts and Entertainment,Music,music,/content/embeddings/music/F1gL1-9iPnI.pt,ok,,/content/embeddings/music/F1gL1-9iPnI.pt
EEZYykAXVbU,https://www.youtube.com/watch?v=EEZYykAXVbU,Arts and Entertainment,Costumes,costumes,/content/embeddings/costumes/EEZYykAXVbU.pt,ok,,/content/embeddings/costumes/EEZYykAXVbU.pt
L-VRn4sMX40,https://www.youtube.com/watch?v=L-VRn4sMX40,Arts and Entertainment,Movies,movies,/content/embeddings/movies/L-VRn4sMX40.pt,ok,,/content/embeddings/movies/L-VRn4sMX40.pt
6Xu7d4cfUmo,https://www.youtube.com/watch?v=6Xu7d4cfUmo,Arts and Entertainment,Costumes,costumes,/content/embeddings/costumes/6Xu7d4cfUmo.pt,ok,,/content/embeddings/costumes/6Xu7d4cfUmo.pt
3qQevje2j1s,https://www.youtube.com/watch?v=3qQevje2j1s,Arts and Entertainment,Movies,movies,/content/embeddings/movies/3qQevje2j1s.pt,ok,,/content/embeddings/movies/3qQevje2j1s.pt
zfd_60aNfmQ,https://www.youtube.com/watch?v=zfd_60aNfmQ,Arts and Entertainment,Books,books,/content/embeddings/books/zfd_60aNfmQ.pt,ok,,/content/embeddings/books/zfd_60aNfmQ.pt
5cs2iLzIL_g,https://www.youtube.com/watch?v=5cs2iLzIL_g,Arts and Entertainment,Music,music,/content/embeddings/music/5cs2iLzIL_g.pt,ok,,/content/embeddings/music/5cs2iLzIL_g.pt
nswBQ76vJTo,https://www.youtube.com/watch?v=nswBQ76vJTo,Arts and Entertainment,Music,music,/content/embeddings/music/nswBQ76vJTo.pt,ok,,/content/embeddings/music/nswBQ76vJTo.pt
DUHrm-mN36w,https://www.youtube.com/watch?v=DUHrm-mN36w,Arts and Entertainment,Music,music,/content/embeddings/music/DUHrm-mN36w.pt,ok,,/content/embeddings/music/DUHrm-mN36w.pt
rO_ceXyIvw8,https://www.youtube.com/watch?v=rO_ceXyIvw8,Arts and Entertainment,Music,music,/content/embeddings/music/rO_ceXyIvw8.pt,ok,,/content/embeddings/music/rO_ceXyIvw8.pt
DScvgRQnbo8,https://www.youtube.com/watch?v=DScvgRQnbo8,Arts and Entertainment,Costumes,costumes,/content/embeddings/costumes/DScvgRQnbo8.pt,ok,,/content/embeddings/costumes/DScvgRQnbo8.pt
vQ289kp75Tc,https://www.youtube.com/watch?v=vQ289kp75Tc,Arts and Entertainment,Music,music,/content/embeddings/music/vQ289kp75Tc.pt,ok,,/content/embeddings/music/vQ289kp75Tc.pt
nrfaExv6LJc,https://www.youtube.com/watch?v=nrfaExv6LJc,Arts and Entertainment,Music,music,/content/embeddings/music/nrfaExv6LJc.pt,ok,,/content/embeddings/music/nrfaExv6LJc.pt
j-L0Dujv0b8,https://www.youtube.com/watch?v=j-L0Dujv0b8,Arts and Entertainment,Music,music,/content/embeddings/music/j-L0Dujv0b8.pt,ok,,/content/embeddings/music/j-L0Dujv0b8.pt
MX5iPQqt298,https://www.youtube.com/watch?v=MX5iPQqt298,Arts and Entertainment,Music,music,/content/embeddings/music/MX5iPQqt298.pt,ok,,/content/embeddings/music/MX5iPQqt298.pt
e5Ye2iY4X08,https://www.youtube.com/watch?v=e5Ye2iY4X08,Arts and Entertainment,Music,music,/content/embeddings/music/e5Ye2iY4X08.pt,ok,,/content/embeddings/music/e5Ye2iY4X08.pt
MXNesATAwcQ,https://www.youtube.com/watch?v=MXNesATAwcQ,Arts and Entertainment,Music,music,/content/embeddings/music/MXNesATAwcQ.pt,ok,,/content/embeddings/music/MXNesATAwcQ.pt
9_Jw9T-dons,https://www.youtube.com/watch?v=9_Jw9T-dons,Arts and Entertainment,Music,music,/content/embeddings/music/9_Jw9T-dons.pt,ok,,/content/embeddings/music/9_Jw9T-dons.pt
1fRqQ8keIBc,https://www.youtube.com/watch?v=1fRqQ8keIBc,Arts and Entertainment,Costumes,costumes,/content/embeddings/costumes/1fRqQ8keIBc.pt,ok,,/content/embeddings/costumes/1fRqQ8keIBc.pt
wv4Z_yGuEbg,https://www.youtube.com/watch?v=wv4Z_yGuEbg,Arts and Entertainment,Music,music,/content/embeddings/music/wv4Z_yGuEbg.pt,ok,,/content/embeddings/music/wv4Z_yGuEbg.pt
bLgXG4P-7Y4,https://www.youtube.com/watch?v=bLgXG4P-7Y4,Arts and Entertainment,Costumes,costumes,/content/embeddings/costumes/bLgXG4P-7Y4.pt,ok,,/content/embeddings/costumes/bLgXG4P-7Y4.pt
XybYKqjk4js,https://www.youtube.com/watch?v=XybYKqjk4js,Arts and Entertainment,Costumes,costumes,/content/embeddings/costumes/XybYKqjk4js.pt,ok,,/content/embeddings/costumes/XybYKqjk4js.pt
6UG6Q6QaOm8,https://www.youtube.com/watch?v=6UG6Q6QaOm8,Arts and Entertainment,Costumes,costumes,/content/embeddings/costumes/6UG6Q6QaOm8.pt,ok,,/content/embeddings/costumes/6UG6Q6QaOm8.pt
xybCYaHfNmk,https://www.youtube.com/watch?v=xybCYaHfNmk,Arts and Entertainment,Music,music,/content/embeddings/music/xybCYaHfNmk.pt,ok,,/content/embeddings/music/xybCYaHfNmk.pt
FAHY6dW53As,https://www.youtube.com/watch?v=FAHY6dW53As,Arts and Entertainment,Performing Arts,performing_arts,/content/embeddings/performing_arts/FAHY6dW53As.pt,ok,,/content/embeddings/performing_arts/FAHY6dW53As.pt
r67bJNHYSJc,https://www.youtube.com/watch?v=r67bJNHYSJc,Arts and Entertainment,Music,music,/content/embeddings/music/r67bJNHYSJc.pt,ok,,/content/embeddings/music/r67bJNHYSJc.pt
YVUHGjiP5ro,https://www.youtube.com/watch?v=YVUHGjiP5ro,Arts and Entertainment,Performing Arts,performing_arts,/content/embeddings/performing_arts/YVUHGjiP5ro.pt,ok,,/content/embeddings/performing_arts/YVUHGjiP5ro.pt
4Zumb2_hdT8,https://www.youtube.com/watch?v=4Zumb2_hdT8,Arts and Entertainment,Music,music,/content/embeddings/music/4Zumb2_hdT8.pt,ok,,/content/embeddings/music/4Zumb2_hdT8.pt
D0wFReijo8c,https://www.youtube.com/watch?v=D0wFReijo8c,Arts and Entertainment,Music,music,/content/embeddings/music/D0wFReijo8c.pt,ok,,/content/embeddings/music/D0wFReijo8c.pt
8yslda9FKsk,https://www.youtube.com/watch?v=8yslda9FKsk,Arts and Entertainment,Music,music,/content/embeddings/music/8yslda9FKsk.pt,ok,,/content/embeddings/music/8yslda9FKsk.pt
RmC_wG0UdAg,https://www.youtube.com/watch?v=RmC_wG0UdAg,Arts and Entertainment,Movies,movies,/content/embeddings/movies/RmC_wG0UdAg.pt,ok,,/content/embeddings/movies/RmC_wG0UdAg.pt
tqIp9wf8yxE,https://www.youtube.com/watch?v=tqIp9wf8yxE,Arts and Entertainment,Music,music,/content/embeddings/music/tqIp9wf8yxE.pt,ok,,/content/embeddings/music/tqIp9wf8yxE.pt
uYxe1OJtvxQ,https://www.youtube.com/watch?v=uYxe1OJtvxQ,Arts and Entertainment,Music,music,/content/embeddings/music/uYxe1OJtvxQ.pt,ok,,/content/embeddings/music/uYxe1OJtvxQ.pt
7B2FTbEaUlo,https://www.youtube.com/watch?v=7B2FTbEaUlo,Arts and Entertainment,Music,music,/content/embeddings/music/7B2FTbEaUlo.pt,ok,,/content/embeddings/music/7B2FTbEaUlo.pt
AcUIa-eDQFM,https://www.youtube.com/watch?v=AcUIa-eDQFM,Arts and Entertainment,Music,music,/content/embeddings/music/AcUIa-eDQFM.pt,ok,,/content/embeddings/music/AcUIa-eDQFM.pt
FIfexUZO_us,https://www.youtube.com/watch?v=FIfexUZO_us,Arts and Entertainment,Music,music,/content/embeddings/music/FIfexUZO_us.pt,ok,,/content/embeddings/music/FIfexUZO_us.pt
yoUfQOqtrUo,https://www.youtube.com/watch?v=yoUfQOqtrUo,Arts and Entertainment,Performing Arts,performing_arts,/content/embeddings/performing_arts/yoUfQOqtrUo.pt,ok,,/content/embeddings/performing_arts/yoUfQOqtrUo.pt
TVO1nZr-e50,https://www.youtube.com/watch?v=TVO1nZr-e50,Arts and Entertainment,Music,music,/content/embeddings/music/TVO1nZr-e50.pt,ok,,/content/embeddings/music/TVO1nZr-e50.pt
xE5-wf8x3lQ,https://www.youtube.com/watch?v=xE5-wf8x3lQ,Arts and Entertainment,Music,music,/content/embeddings/music/xE5-wf8x3lQ.pt,ok,,/content/embeddings/music/xE5-wf8x3lQ.pt
Z6W0rdsV4NU,https://www.youtube.com/watch?v=Z6W0rdsV4NU,Arts and Entertainment,Music,music,/content/embeddings/music/Z6W0rdsV4NU.pt,ok,,/content/embeddings/music/Z6W0rdsV4NU.pt
T-Y4xYjIZQ8,https://www.youtube.com/watch?v=T-Y4xYjIZQ8,Arts and Entertainment,Music,music,/content/embeddings/music/T-Y4xYjIZQ8.pt,ok,,/content/embeddings/music/T-Y4xYjIZQ8.pt
teS8A39XBTM,https://www.youtube.com/watch?v=teS8A39XBTM,Arts and Entertainment,Costumes,costumes,/content/embeddings/costumes/teS8A39XBTM.pt,ok,,/content/embeddings/costumes/teS8A39XBTM.pt
oVSJQv_TEQ8,https://www.youtube.com/watch?v=oVSJQv_TEQ8,Arts and Entertainment,Costumes,costumes,/content/embeddings/costumes/oVSJQv_TEQ8.pt,ok,,/content/embeddings/costumes/oVSJQv_TEQ8.pt
6naFQxK2zL8,https://www.youtube.com/watch?v=6naFQxK2zL8,Arts and Entertainment,Costumes,costumes,/content/embeddings/costumes/6naFQxK2zL8.pt,ok,,/content/embeddings/costumes/6naFQxK2zL8.pt
NtMGzTqJd-w,https://www.youtube.com/watch?v=NtMGzTqJd-w,Arts and Entertainment,Music,music,/content/embeddings/music/NtMGzTqJd-w.pt,ok,,/content/embeddings/music/NtMGzTqJd-w.pt
xUB1XEDRGWY,https://www.youtube.com/watch?v=xUB1XEDRGWY,Arts and Entertainment,Books,books,/content/embeddings/books/xUB1XEDRGWY.pt,ok,,/content/embeddings/books/xUB1XEDRGWY.pt
HPNe8oQXM_E,https://www.youtube.com/watch?v=HPNe8oQXM_E,Arts and Entertainment,Music,music,/content/embeddings/music/HPNe8oQXM_E.pt,ok,,/content/embeddings/music/HPNe8oQXM_E.pt
aqShQ1sUNqA,https://www.youtube.com/watch?v=aqShQ1sUNqA,Arts and Entertainment,Music,music,/content/embeddings/music/aqShQ1sUNqA.pt,ok,,/content/embeddings/music/aqShQ1sUNqA.pt
U3aFvN5-kaI,https://www.youtube.com/watch?v=U3aFvN5-kaI,Arts and Entertainment,Books,books,/content/embeddings/books/U3aFvN5-kaI.pt,ok,,/content/embeddings/books/U3aFvN5-kaI.pt
y4GgVIy4keM,https://www.youtube.com/watch?v=y4GgVIy4keM,Arts and Entertainment,Costumes,costumes,/content/embeddings/costumes/y4GgVIy4keM.pt,ok,,/content/embeddings/costumes/y4GgVIy4keM.pt
whB2Sro6lKo,https://www.youtube.com/watch?v=whB2Sro6lKo,Arts and Entertainment,Music,music,/content/embeddings/music/whB2Sro6lKo.pt,ok,,/content/embeddings/music/whB2Sro6lKo.pt
39A41iaE55M,https://www.youtube.com/watch?v=39A41iaE55M,Arts and Entertainment,Music,music,/content/embeddings/music/39A41iaE55M.pt,ok,,/content/embeddings/music/39A41iaE55M.pt
KFlIFN8oPDw,https://www.youtube.com/watch?v=KFlIFN8oPDw,Arts and Entertainment,Music,music,/content/embeddings/music/KFlIFN8oPDw.pt,ok,,/content/embeddings/music/KFlIFN8oPDw.pt
Fvh0XuUwM-Y,https://www.youtube.com/watch?v=Fvh0XuUwM-Y,Arts and Entertainment,Carnivals Circuses and Theme Parks,carnivals_circuses_and_theme_parks,/content/embeddings/carnivals_circuses_and_theme_parks/Fvh0XuUwM-Y.pt,ok,,/content/embeddings/carnivals_circuses_and_theme_parks/Fvh0XuUwM-Y.pt
hW3IeWdmfFQ,https://www.youtube.com/watch?v=hW3IeWdmfFQ,Arts and Entertainment,Music,music,/content/embeddings/music/hW3IeWdmfFQ.pt,ok,,/content/embeddings/music/hW3IeWdmfFQ.pt
_DSjN7UFBOI,https://www.youtube.com/watch?v=_DSjN7UFBOI,Arts and Entertainment,Books,books,/content/embeddings/books/_DSjN7UFBOI.pt,ok,,/content/embeddings/books/_DSjN7UFBOI.pt
yaHRDUdZutQ,https://www.youtube.com/watch?v=yaHRDUdZutQ,Arts and Entertainment,Music,music,/content/embeddings/music/yaHRDUdZutQ.pt,ok,,/content/embeddings/music/yaHRDUdZutQ.pt
KyIuSOhxmyg,https://www.youtube.com/watch?v=KyIuSOhxmyg,Arts and Entertainment,Music,music,/content/embeddings/music/KyIuSOhxmyg.pt,ok,,/content/embeddings/music/KyIuSOhxmyg.pt
RxvBTT0Sk14,https://www.youtube.com/watch?v=RxvBTT0Sk14,Arts and Entertainment,Costumes,costumes,/content/embeddings/costumes/RxvBTT0Sk14.pt,ok,,/content/embeddings/costumes/RxvBTT0Sk14.pt
uRyHItC2278,https://www.youtube.com/watch?v=uRyHItC2278,Arts and Entertainment,Books,books,/content/embeddings/books/uRyHItC2278.pt,ok,,/content/embeddings/books/uRyHItC2278.pt
7zkU_lOSgPI,https://www.youtube.com/watch?v=7zkU_lOSgPI,Arts and Entertainment,Music,music,/content/embeddings/music/7zkU_lOSgPI.pt,ok,,/content/embeddings/music/7zkU_lOSgPI.pt
CPT6ox4_gbw,https://www.youtube.com/watch?v=CPT6ox4_gbw,Arts and Entertainment,Costumes,costumes,/content/embeddings/costumes/CPT6ox4_gbw.pt,ok,,/content/embeddings/costumes/CPT6ox4_gbw.pt
yQpMPo1W3QE,https://www.youtube.com/watch?v=yQpMPo1W3QE,Arts and Entertainment,Books,books,/content/embeddings/books/yQpMPo1W3QE.pt,ok,,/content/embeddings/books/yQpMPo1W3QE.pt
oSoBT9JRE1Q,https://www.youtube.com/watch?v=oSoBT9JRE1Q,Arts and Entertainment,Music,music,/content/embeddings/music/oSoBT9JRE1Q.pt,ok,,/content/embeddings/music/oSoBT9JRE1Q.pt
8PEQk-DIwAA,https://www.youtube.com/watch?v=8PEQk-DIwAA,Arts and Entertainment,Music,music,/content/embeddings/music/8PEQk-DIwAA.pt,ok,,/content/embeddings/music/8PEQk-DIwAA.pt
DhaOFNnOC8o,https://www.youtube.com/watch?v=DhaOFNnOC8o,Arts and Entertainment,Music,music,/content/embeddings/music/DhaOFNnOC8o.pt,ok,,/content/embeddings/music/DhaOFNnOC8o.pt
-X-fIfLFtvM,https://www.youtube.com/watch?v=-X-fIfLFtvM,Arts and Entertainment,Music,music,/content/embeddings/music/-X-fIfLFtvM.pt,ok,,/content/embeddings/music/-X-fIfLFtvM.pt
pYKcZJWlBW4,https://www.youtube.com/watch?v=pYKcZJWlBW4,Arts and Entertainment,Music,music,/content/embeddings/music/pYKcZJWlBW4.pt,ok,,/content/embeddings/music/pYKcZJWlBW4.pt
2LQxxgFM6uI,https://www.youtube.com/watch?v=2LQxxgFM6uI,Arts and Entertainment,Books,books,/content/embeddings/books/2LQxxgFM6uI.pt,ok,,/content/embeddings/books/2LQxxgFM6uI.pt
l5fhb7KSLls,https://www.youtube.com/watch?v=l5fhb7KSLls,Arts and Entertainment,Music,music,/content/embeddings/music/l5fhb7KSLls.pt,ok,,/content/embeddings/music/l5fhb7KSLls.pt
Qxm3QunDjUs,https://www.youtube.com/watch?v=Qxm3QunDjUs,Arts and Entertainment,Music,music,/content/embeddings/music/Qxm3QunDjUs.pt,ok,,/content/embeddings/music/Qxm3QunDjUs.pt
1o63mCro0g4,https://www.youtube.com/watch?v=1o63mCro0g4,Arts and Entertainment,Music,music,/content/embeddings/music/1o63mCro0g4.pt,ok,,/content/embeddings/music/1o63mCro0g4.pt
5613kLyL0DA,https://www.youtube.com/watch?v=5613kLyL0DA,Arts and Entertainment,Costumes,costumes,/content/embeddings/costumes/5613kLyL0DA.pt,ok,,/content/embeddings/costumes/5613kLyL0DA.pt
x1wU4sirBY0,https://www.youtube.com/watch?v=x1wU4sirBY0,Arts and Entertainment,Music,music,/content/embeddings/music/x1wU4sirBY0.pt,ok,,/content/embeddings/music/x1wU4sirBY0.pt
6fV_6G_YFzE,https://www.youtube.com/watch?v=6fV_6G_YFzE,Arts and Entertainment,Music,music,/content/embeddings/music/6fV_6G_YFzE.pt,ok,,/content/embeddings/music/6fV_6G_YFzE.pt
o4JWxFp8aUc,https://www.youtube.com/watch?v=o4JWxFp8aUc,Arts and Entertainment,Music,music,/content/embeddings/music/o4JWxFp8aUc.pt,ok,,/content/embeddings/music/o4JWxFp8aUc.pt
IupFip82QxU,https://www.youtube.com/watch?v=IupFip82QxU,Arts and Entertainment,Music,music,/content/embeddings/music/IupFip82QxU.pt,ok,,/content/embeddings/music/IupFip82QxU.pt
tubTieBdBmY,https://www.youtube.com/watch?v=tubTieBdBmY,Arts and Entertainment,Music,music,/content/embeddings/music/tubTieBdBmY.pt,ok,,/content/embeddings/music/tubTieBdBmY.pt
0Ya5CTI8_ao,https://www.youtube.com/watch?v=0Ya5CTI8_ao,Arts and Entertainment,Cosplay and Role Playing,cosplay_and_role_playing,/content/embeddings/cosplay_and_role_playing/0Ya5CTI8_ao.pt,ok,,/content/embeddings/cosplay_and_role_playing/0Ya5CTI8_ao.pt
SsrWqVzTcao,https://www.youtube.com/watch?v=SsrWqVzTcao,Arts and Entertainment,Music,music,/content/embeddings/music/SsrWqVzTcao.pt,ok,,/content/embeddings/music/SsrWqVzTcao.pt
a07Xg5hghFw,https://www.youtube.com/watch?v=a07Xg5hghFw,Arts and Entertainment,Carnivals Circuses and Theme Parks,carnivals_circuses_and_theme_parks,/content/embeddings/carnivals_circuses_and_theme_parks/a07Xg5hghFw.pt,ok,,/content/embeddings/carnivals_circuses_and_theme_parks/a07Xg5hghFw.pt
84fP22oely8,https://www.youtube.com/watch?v=84fP22oely8,Arts and Entertainment,Music,music,/content/embeddings/music/84fP22oely8.pt,ok,,/content/embeddings/music/84fP22oely8.pt
KbdLCEE2Bj0,https://www.youtube.com/watch?v=KbdLCEE2Bj0,Arts and Entertainment,Music,music,/content/embeddings/music/KbdLCEE2Bj0.pt,ok,,/content/embeddings/music/KbdLCEE2Bj0.pt
HACkkdv4-SU,https://www.youtube.com/watch?v=HACkkdv4-SU,Arts and Entertainment,Music,music,/content/embeddings/music/HACkkdv4-SU.pt,ok,,/content/embeddings/music/HACkkdv4-SU.pt
beOrFEiKNhQ,https://www.youtube.com/watch?v=beOrFEiKNhQ,Arts and Entertainment,Costumes,costumes,/content/embeddings/costumes/beOrFEiKNhQ.pt,ok,,/content/embeddings/costumes/beOrFEiKNhQ.pt
a3qboPIBUVU,https://www.youtube.com/watch?v=a3qboPIBUVU,Arts and Entertainment,Costumes,costumes,/content/embeddings/costumes/a3qboPIBUVU.pt,ok,,/content/embeddings/costumes/a3qboPIBUVU.pt
X1OGpthzy2I,https://www.youtube.com/watch?v=X1OGpthzy2I,Arts and Entertainment,Music,music,/content/embeddings/music/X1OGpthzy2I.pt,ok,,/content/embeddings/music/X1OGpthzy2I.pt
MYNboh9a-7Y,https://www.youtube.com/watch?v=MYNboh9a-7Y,Arts and Entertainment,Costumes,costumes,/content/embeddings/costumes/MYNboh9a-7Y.pt,ok,,/content/embeddings/costumes/MYNboh9a-7Y.pt
DKr_e4PzrQ4,https://www.youtube.com/watch?v=DKr_e4PzrQ4,Arts and Entertainment,Music,music,/content/embeddings/music/DKr_e4PzrQ4.pt,ok,,/content/embeddings/music/DKr_e4PzrQ4.pt
F6unxTS5VIw,https://www.youtube.com/watch?v=F6unxTS5VIw,Arts and Entertainment,Music,music,/content/embeddings/music/F6unxTS5VIw.pt,ok,,/content/embeddings/music/F6unxTS5VIw.pt
tdzuF0r6MzA,https://www.youtube.com/watch?v=tdzuF0r6MzA,Arts and Entertainment,Books,books,/content/embeddings/books/tdzuF0r6MzA.pt,ok,,/content/embeddings/books/tdzuF0r6MzA.pt
NEGqhYaFxGk,https://www.youtube.com/watch?v=NEGqhYaFxGk,Arts and Entertainment,Costumes,costumes,/content/embeddings/costumes/NEGqhYaFxGk.pt,ok,,/content/embeddings/costumes/NEGqhYaFxGk.pt
pfrbmPQgp4s,https://www.youtube.com/watch?v=pfrbmPQgp4s,Arts and Entertainment,Music,music,/content/embeddings/music/pfrbmPQgp4s.pt,ok,,/content/embeddings/music/pfrbmPQgp4s.pt
zjyQ43qs3GU,https://www.youtube.com/watch?v=zjyQ43qs3GU,Arts and Entertainment,Music,music,/content/embeddings/music/zjyQ43qs3GU.pt,ok,,/content/embeddings/music/zjyQ43qs3GU.pt
H925U_VMacs,https://www.youtube.com/watch?v=H925U_VMacs,Arts and Entertainment,Music,music,/content/embeddings/music/H925U_VMacs.pt,ok,,/content/embeddings/music/H925U_VMacs.pt
7z51JVYqphQ,https://www.youtube.com/watch?v=7z51JVYqphQ,Arts and Entertainment,Costumes,costumes,/content/embeddings/costumes/7z51JVYqphQ.pt,ok,,/content/embeddings/costumes/7z51JVYqphQ.pt
2DE05g0Ho5Y,https://www.youtube.com/watch?v=2DE05g0Ho5Y,Arts and Entertainment,Music,music,/content/embeddings/music/2DE05g0Ho5Y.pt,ok,,/content/embeddings/music/2DE05g0Ho5Y.pt
rLLuoDE6hmY,https://www.youtube.com/watch?v=rLLuoDE6hmY,Arts and Entertainment,Music,music,/content/embeddings/music/rLLuoDE6hmY.pt,ok,,/content/embeddings/music/rLLuoDE6hmY.pt
PWobhnl-sao,https://www.youtube.com/watch?v=PWobhnl-sao,Arts and Entertainment,Music,music,/content/embeddings/music/PWobhnl-sao.pt,ok,,/content/embeddings/music/PWobhnl-sao.pt
cZa_CjJixdQ,https://www.youtube.com/watch?v=cZa_CjJixdQ,Arts and Entertainment,Music,music,/content/embeddings/music/cZa_CjJixdQ.pt,ok,,/content/embeddings/music/cZa_CjJixdQ.pt
lVNOuathoj8,https://www.youtube.com/watch?v=lVNOuathoj8,Arts and Entertainment,Music,music,/content/embeddings/music/lVNOuathoj8.pt,ok,,/content/embeddings/music/lVNOuathoj8.pt
onexdpCzKOc,https://www.youtube.com/watch?v=onexdpCzKOc,Arts and Entertainment,Costumes,costumes,/content/embeddings/costumes/onexdpCzKOc.pt,ok,,/content/embeddings/costumes/onexdpCzKOc.pt
qQNFZJNHwZ8,https://www.youtube.com/watch?v=qQNFZJNHwZ8,Arts and Entertainment,Costumes,costumes,/content/embeddings/costumes/qQNFZJNHwZ8.pt,ok,,/content/embeddings/costumes/qQNFZJNHwZ8.pt
ehInowpIntM,https://www.youtube.com/watch?v=ehInowpIntM,Arts and Entertainment,Costumes,costumes,/content/embeddings/costumes/ehInowpIntM.pt,ok,,/content/embeddings/costumes/ehInowpIntM.pt
vWX3VSpyM2w,https://www.youtube.com/watch?v=vWX3VSpyM2w,Arts and Entertainment,Costumes,costumes,/content/embeddings/costumes/vWX3VSpyM2w.pt,ok,,/content/embeddings/costumes/vWX3VSpyM2w.pt
KnaHIj9kRkk,https://www.youtube.com/watch?v=KnaHIj9kRkk,Arts and Entertainment,Books,books,/content/embeddings/books/KnaHIj9kRkk.pt,ok,,/content/embeddings/books/KnaHIj9kRkk.pt
duA4NDtRyKk,https://www.youtube.com/watch?v=duA4NDtRyKk,Arts and Entertainment,Costumes,costumes,/content/embeddings/costumes/duA4NDtRyKk.pt,ok,,/content/embeddings/costumes/duA4NDtRyKk.pt
vY4jEb09vmY,https://www.youtube.com/watch?v=vY4jEb09vmY,Arts and Entertainment,Costumes,costumes,/content/embeddings/costumes/vY4jEb09vmY.pt,ok,,/content/embeddings/costumes/vY4jEb09vmY.pt
ggXeCnrbuj4,https://www.youtube.com/watch?v=ggXeCnrbuj4,Arts and Entertainment,Music,music,/content/embeddings/music/ggXeCnrbuj4.pt,ok,,/content/embeddings/music/ggXeCnrbuj4.pt
V8cYh96ASCg,https://www.youtube.com/watch?v=V8cYh96ASCg,Arts and Entertainment,Books,books,/content/embeddings/books/V8cYh96ASCg.pt,ok,,/content/embeddings/books/V8cYh96ASCg.pt
q7CAPS-N8mI,https://www.youtube.com/watch?v=q7CAPS-N8mI,Arts and Entertainment,Music,music,/content/embeddings/music/q7CAPS-N8mI.pt,ok,,/content/embeddings/music/q7CAPS-N8mI.pt
1fDfbUz1P2U,https://www.youtube.com/watch?v=1fDfbUz1P2U,Arts and Entertainment,Music,music,/content/embeddings/music/1fDfbUz1P2U.pt,ok,,/content/embeddings/music/1fDfbUz1P2U.pt
GNICYpY9ZiM,https://www.youtube.com/watch?v=GNICYpY9ZiM,Arts and Entertainment,Movies,movies,/content/embeddings/movies/GNICYpY9ZiM.pt,ok,,/content/embeddings/movies/GNICYpY9ZiM.pt
R_OHozRyI5w,https://www.youtube.com/watch?v=R_OHozRyI5w,Arts and Entertainment,Costumes,costumes,/content/embeddings/costumes/R_OHozRyI5w.pt,ok,,/content/embeddings/costumes/R_OHozRyI5w.pt
AoXjvsf6bzw,https://www.youtube.com/watch?v=AoXjvsf6bzw,Arts and Entertainment,Music,music,/content/embeddings/music/AoXjvsf6bzw.pt,ok,,/content/embeddings/music/AoXjvsf6bzw.pt
iAt4SubKx6k,https://www.youtube.com/watch?v=iAt4SubKx6k,Arts and Entertainment,Music,music,/content/embeddings/music/iAt4SubKx6k.pt,ok,,/content/embeddings/music/iAt4SubKx6k.pt
EjT0IKiWqbk,https://www.youtube.com/watch?v=EjT0IKiWqbk,Arts and Entertainment,Music,music,/content/embeddings/music/EjT0IKiWqbk.pt,ok,,/content/embeddings/music/EjT0IKiWqbk.pt
ZMyH5yn-Xqc,https://www.youtube.com/watch?v=ZMyH5yn-Xqc,Arts and Entertainment,Music,music,/content/embeddings/music/ZMyH5yn-Xqc.pt,ok,,/content/embeddings/music/ZMyH5yn-Xqc.pt
GmSUj_wzR5w,https://www.youtube.com/watch?v=GmSUj_wzR5w,Arts and Entertainment,Music,music,/content/embeddings/music/GmSUj_wzR5w.pt,ok,,/content/embeddings/music/GmSUj_wzR5w.pt
rwtyZhCjfy4,https://www.youtube.com/watch?v=rwtyZhCjfy4,Arts and Entertainment,Costumes,costumes,/content/embeddings/costumes/rwtyZhCjfy4.pt,ok,,/content/embeddings/costumes/rwtyZhCjfy4.pt
IR5lMGUtfp0,https://www.youtube.com/watch?v=IR5lMGUtfp0,Arts and Entertainment,Music,music,/content/embeddings/music/IR5lMGUtfp0.pt,ok,,/content/embeddings/music/IR5lMGUtfp0.pt
GjbL0-qKW1Q,https://www.youtube.com/watch?v=GjbL0-qKW1Q,Arts and Entertainment,Costumes,costumes,/content/embeddings/costumes/GjbL0-qKW1Q.pt,ok,,/content/embeddings/costumes/GjbL0-qKW1Q.pt
3_1saOt4-1E,https://www.youtube.com/watch?v=3_1saOt4-1E,Arts and Entertainment,Costumes,costumes,/content/embeddings/costumes/3_1saOt4-1E.pt,ok,,/content/embeddings/costumes/3_1saOt4-1E.pt
owwu0MMl0qo,https://www.youtube.com/watch?v=owwu0MMl0qo,Arts and Entertainment,Movies,movies,/content/embeddings/movies/owwu0MMl0qo.pt,ok,,/content/embeddings/movies/owwu0MMl0qo.pt
ulXQh9i4jtE,https://www.youtube.com/watch?v=ulXQh9i4jtE,Arts and Entertainment,Music,music,/content/embeddings/music/ulXQh9i4jtE.pt,ok,,/content/embeddings/music/ulXQh9i4jtE.pt
DDCnA8FbUUA,https://www.youtube.com/watch?v=DDCnA8FbUUA,Arts and Entertainment,Music,music,/content/embeddings/music/DDCnA8FbUUA.pt,ok,,/content/embeddings/music/DDCnA8FbUUA.pt
VB6ZuzXXDnM,https://www.youtube.com/watch?v=VB6ZuzXXDnM,Arts and Entertainment,Movies,movies,/content/embeddings/movies/VB6ZuzXXDnM.pt,ok,,/content/embeddings/movies/VB6ZuzXXDnM.pt
T-7ZI0-GEeg,https://www.youtube.com/watch?v=T-7ZI0-GEeg,Arts and Entertainment,Costumes,costumes,/content/embeddings/costumes/T-7ZI0-GEeg.pt,ok,,/content/embeddings/costumes/T-7ZI0-GEeg.pt
fr0G1dcX1Uk,https://www.youtube.com/watch?v=fr0G1dcX1Uk,Arts and Entertainment,Music,music,/content/embeddings/music/fr0G1dcX1Uk.pt,ok,,/content/embeddings/music/fr0G1dcX1Uk.pt
VpEas_trFkc,https://www.youtube.com/watch?v=VpEas_trFkc,Arts and Entertainment,Music,music,/content/embeddings/music/VpEas_trFkc.pt,ok,,/content/embeddings/music/VpEas_trFkc.pt
mayj-WtdyqU,https://www.youtube.com/watch?v=mayj-WtdyqU,Arts and Entertainment,Costumes,costumes,/content/embeddings/costumes/mayj-WtdyqU.pt,ok,,/content/embeddings/costumes/mayj-WtdyqU.pt
aiO7VHUjNRY,https://www.youtube.com/watch?v=aiO7VHUjNRY,Arts and Entertainment,Music,music,/content/embeddings/music/aiO7VHUjNRY.pt,ok,,/content/embeddings/music/aiO7VHUjNRY.pt
1qRpus8fC0w,https://www.youtube.com/watch?v=1qRpus8fC0w,Arts and Entertainment,Music,music,/content/embeddings/music/1qRpus8fC0w.pt,ok,,/content/embeddings/music/1qRpus8fC0w.pt
4DxsV36pT9w,https://www.youtube.com/watch?v=4DxsV36pT9w,Arts and Entertainment,Books,books,/content/embeddings/books/4DxsV36pT9w.pt,ok,,/content/embeddings/books/4DxsV36pT9w.pt
I3ia-NaR-7w,https://www.youtube.com/watch?v=I3ia-NaR-7w,Arts and Entertainment,Movies,movies,/content/embeddings/movies/I3ia-NaR-7w.pt,ok,,/content/embeddings/movies/I3ia-NaR-7w.pt
2oy3lf0__to,https://www.youtube.com/watch?v=2oy3lf0__to,Arts and Entertainment,Music,music,/content/embeddings/music/2oy3lf0__to.pt,ok,,/content/embeddings/music/2oy3lf0__to.pt
T-EX4ZjDZhs,https://www.youtube.com/watch?v=T-EX4ZjDZhs,Arts and Entertainment,Music,music,/content/embeddings/music/T-EX4ZjDZhs.pt,ok,,/content/embeddings/music/T-EX4ZjDZhs.pt
0kPEHy_GTWE,https://www.youtube.com/watch?v=0kPEHy_GTWE,Arts and Entertainment,Costumes,costumes,/content/embeddings/costumes/0kPEHy_GTWE.pt,ok,,/content/embeddings/costumes/0kPEHy_GTWE.pt
kp9j0NYJqkw,https://www.youtube.com/watch?v=kp9j0NYJqkw,Arts and Entertainment,Music,music,/content/embeddings/music/kp9j0NYJqkw.pt,ok,,/content/embeddings/music/kp9j0NYJqkw.pt
8iuSFTP5gho,https://www.youtube.com/watch?v=8iuSFTP5gho,Arts and Entertainment,Costumes,costumes,/content/embeddings/costumes/8iuSFTP5gho.pt,ok,,/content/embeddings/costumes/8iuSFTP5gho.pt
phUC5PTbDmk,https://www.youtube.com/watch?v=phUC5PTbDmk,Arts and Entertainment,Costumes,costumes,/content/embeddings/costumes/phUC5PTbDmk.pt,ok,,/content/embeddings/costumes/phUC5PTbDmk.pt
8zgFEpgPV5M,https://www.youtube.com/watch?v=8zgFEpgPV5M,Arts and Entertainment,Costumes,costumes,/content/embeddings/costumes/8zgFEpgPV5M.pt,ok,,/content/embeddings/costumes/8zgFEpgPV5M.pt
LxqBSKT9NKU,https://www.youtube.com/watch?v=LxqBSKT9NKU,Arts and Entertainment,Costumes,costumes,/content/embeddings/costumes/LxqBSKT9NKU.pt,ok,,/content/embeddings/costumes/LxqBSKT9NKU.pt
OWV3xr8tNjY,https://www.youtube.com/watch?v=OWV3xr8tNjY,Arts and Entertainment,Music,music,/content/embeddings/music/OWV3xr8tNjY.pt,ok,,/content/embeddings/music/OWV3xr8tNjY.pt
N0NoXPmC3qA,https://www.youtube.com/watch?v=N0NoXPmC3qA,Arts and Entertainment,Books,books,/content/embeddings/books/N0NoXPmC3qA.pt,ok,,/content/embeddings/books/N0NoXPmC3qA.pt
CuSkyqGdWWk,https://www.youtube.com/watch?v=CuSkyqGdWWk,Arts and Entertainment,Costumes,costumes,/content/embeddings/costumes/CuSkyqGdWWk.pt,ok,,/content/embeddings/costumes/CuSkyqGdWWk.pt
5fw2hWRVpDE,https://www.youtube.com/watch?v=5fw2hWRVpDE,Arts and Entertainment,Music,music,/content/embeddings/music/5fw2hWRVpDE.pt,ok,,/content/embeddings/music/5fw2hWRVpDE.pt
FFAS6ggIx7U,https://www.youtube.com/watch?v=FFAS6ggIx7U,Arts and Entertainment,Cosplay and Role Playing,cosplay_and_role_playing,/content/embeddings/cosplay_and_role_playing/FFAS6ggIx7U.pt,ok,,/content/embeddings/cosplay_and_role_playing/FFAS6ggIx7U.pt
i3D_B0Qac9Y,https://www.youtube.com/watch?v=i3D_B0Qac9Y,Arts and Entertainment,Music,music,/content/embeddings/music/i3D_B0Qac9Y.pt,ok,,/content/embeddings/music/i3D_B0Qac9Y.pt
gBzirIfsQPo,https://www.youtube.com/watch?v=gBzirIfsQPo,Arts and Entertainment,Music,music,/content/embeddings/music/gBzirIfsQPo.pt,ok,,/content/embeddings/music/gBzirIfsQPo.pt
ta_l4993t5o,https://www.youtube.com/watch?v=ta_l4993t5o,Arts and Entertainment,Music,music,/content/embeddings/music/ta_l4993t5o.pt,ok,,/content/embeddings/music/ta_l4993t5o.pt
1LBMkn6tSrc,https://www.youtube.com/watch?v=1LBMkn6tSrc,Arts and Entertainment,Music,music,/content/embeddings/music/1LBMkn6tSrc.pt,ok,,/content/embeddings/music/1LBMkn6tSrc.pt
Fyeok8YkD2I,https://www.youtube.com/watch?v=Fyeok8YkD2I,Arts and Entertainment,Music,music,/content/embeddings/music/Fyeok8YkD2I.pt,ok,,/content/embeddings/music/Fyeok8YkD2I.pt
gxGUkFrIxW4,https://www.youtube.com/watch?v=gxGUkFrIxW4,Arts and Entertainment,Music,music,/content/embeddings/music/gxGUkFrIxW4.pt,ok,,/content/embeddings/music/gxGUkFrIxW4.pt
HIcUBJrtKTg,https://www.youtube.com/watch?v=HIcUBJrtKTg,Arts and Entertainment,Music,music,/content/embeddings/music/HIcUBJrtKTg.pt,ok,,/content/embeddings/music/HIcUBJrtKTg.pt
2Fpc9s1m8LI,https://www.youtube.com/watch?v=2Fpc9s1m8LI,Arts and Entertainment,Music,music,/content/embeddings/music/2Fpc9s1m8LI.pt,ok,,/content/embeddings/music/2Fpc9s1m8LI.pt
1V8banCl7Sw,https://www.youtube.com/watch?v=1V8banCl7Sw,Arts and Entertainment,Music,music,/content/embeddings/music/1V8banCl7Sw.pt,ok,,/content/embeddings/music/1V8banCl7Sw.pt
o9cJWpf3dYE,https://www.youtube.com/watch?v=o9cJWpf3dYE,Arts and Entertainment,Books,books,/content/embeddings/books/o9cJWpf3dYE.pt,ok,,/content/embeddings/books/o9cJWpf3dYE.pt
gp2VvmUJJc8,https://www.youtube.com/watch?v=gp2VvmUJJc8,Arts and Entertainment,Music,music,/content/embeddings/music/gp2VvmUJJc8.pt,ok,,/content/embeddings/music/gp2VvmUJJc8.pt
H2mfdB_lQK4,https://www.youtube.com/watch?v=H2mfdB_lQK4,Arts and Entertainment,Performing Arts,performing_arts,/content/embeddings/performing_arts/H2mfdB_lQK4.pt,ok,,/content/embeddings/performing_arts/H2mfdB_lQK4.pt
2wHMkZl8_Rg,https://www.youtube.com/watch?v=2wHMkZl8_Rg,Arts and Entertainment,Costumes,costumes,/content/embeddings/costumes/2wHMkZl8_Rg.pt,ok,,/content/embeddings/costumes/2wHMkZl8_Rg.pt
8ji6AZjS2Ho,https://www.youtube.com/watch?v=8ji6AZjS2Ho,Arts and Entertainment,Music,music,/content/embeddings/music/8ji6AZjS2Ho.pt,ok,,/content/embeddings/music/8ji6AZjS2Ho.pt
cW8tU2cpATg,https://www.youtube.com/watch?v=cW8tU2cpATg,Arts and Entertainment,Books,books,/content/embeddings/books/cW8tU2cpATg.pt,ok,,/content/embeddings/books/cW8tU2cpATg.pt
mjX2V3bqoX4,https://www.youtube.com/watch?v=mjX2V3bqoX4,Arts and Entertainment,Music,music,/content/embeddings/music/mjX2V3bqoX4.pt,ok,,/content/embeddings/music/mjX2V3bqoX4.pt
WcpIrqFXza4,https://www.youtube.com/watch?v=WcpIrqFXza4,Arts and Entertainment,Music,music,/content/embeddings/music/WcpIrqFXza4.pt,ok,,/content/embeddings/music/WcpIrqFXza4.pt
Ye0ZyOwEAjY,https://www.youtube.com/watch?v=Ye0ZyOwEAjY,Arts and Entertainment,Music,music,/content/embeddings/music/Ye0ZyOwEAjY.pt,ok,,/content/embeddings/music/Ye0ZyOwEAjY.pt
1aS9yeo3X9I,https://www.youtube.com/watch?v=1aS9yeo3X9I,Arts and Entertainment,Costumes,costumes,/content/embeddings/costumes/1aS9yeo3X9I.pt,ok,,/content/embeddings/costumes/1aS9yeo3X9I.pt
aLjLBNmuO9c,https://www.youtube.com/watch?v=aLjLBNmuO9c,Arts and Entertainment,Music,music,/content/embeddings/music/aLjLBNmuO9c.pt,ok,,/content/embeddings/music/aLjLBNmuO9c.pt
DDHZedjNWA4,https://www.youtube.com/watch?v=DDHZedjNWA4,Arts and Entertainment,Costumes,costumes,/content/embeddings/costumes/DDHZedjNWA4.pt,ok,,/content/embeddings/costumes/DDHZedjNWA4.pt
clyI9dI2W_k,https://www.youtube.com/watch?v=clyI9dI2W_k,Arts and Entertainment,Movies,movies,/content/embeddings/movies/clyI9dI2W_k.pt,ok,,/content/embeddings/movies/clyI9dI2W_k.pt
Eqpn5teQYuc,https://www.youtube.com/watch?v=Eqpn5teQYuc,Arts and Entertainment,Costumes,costumes,/content/embeddings/costumes/Eqpn5teQYuc.pt,ok,,/content/embeddings/costumes/Eqpn5teQYuc.pt
C0YAGZ67iG4,https://www.youtube.com/watch?v=C0YAGZ67iG4,Arts and Entertainment,Books,books,/content/embeddings/books/C0YAGZ67iG4.pt,ok,,/content/embeddings/books/C0YAGZ67iG4.pt
M93N_gWWCac,https://www.youtube.com/watch?v=M93N_gWWCac,Arts and Entertainment,Music,music,/content/embeddings/music/M93N_gWWCac.pt,ok,,/content/embeddings/music/M93N_gWWCac.pt
16VvsYWebeg,https://www.youtube.com/watch?v=16VvsYWebeg,Arts and Entertainment,Costumes,costumes,/content/embeddings/costumes/16VvsYWebeg.pt,ok,,/content/embeddings/costumes/16VvsYWebeg.pt
rKB7VDqgtLI,https://www.youtube.com/watch?v=rKB7VDqgtLI,Arts and Entertainment,Music,music,/content/embeddings/music/rKB7VDqgtLI.pt,ok,,/content/embeddings/music/rKB7VDqgtLI.pt
6OeR6PZlOLY,https://www.youtube.com/watch?v=6OeR6PZlOLY,Arts and Entertainment,Music,music,/content/embeddings/music/6OeR6PZlOLY.pt,ok,,/content/embeddings/music/6OeR6PZlOLY.pt
lcNT3xwprYg,https://www.youtube.com/watch?v=lcNT3xwprYg,Arts and Entertainment,Music,music,/content/embeddings/music/lcNT3xwprYg.pt,ok,,/content/embeddings/music/lcNT3xwprYg.pt
uqczWqobgyI,https://www.youtube.com/watch?v=uqczWqobgyI,Arts and Entertainment,Music,music,/content/embeddings/music/uqczWqobgyI.pt,ok,,/content/embeddings/music/uqczWqobgyI.pt
LLNutR8o2q0,https://www.youtube.com/watch?v=LLNutR8o2q0,Arts and Entertainment,Music,music,/content/embeddings/music/LLNutR8o2q0.pt,ok,,/content/embeddings/music/LLNutR8o2q0.pt
LhbtFjO7gYY,https://www.youtube.com/watch?v=LhbtFjO7gYY,Arts and Entertainment,Music,music,/content/embeddings/music/LhbtFjO7gYY.pt,ok,,/content/embeddings/music/LhbtFjO7gYY.pt
pQtI9PuQYcI,https://www.youtube.com/watch?v=pQtI9PuQYcI,Arts and Entertainment,Music,music,/content/embeddings/music/pQtI9PuQYcI.pt,ok,,/content/embeddings/music/pQtI9PuQYcI.pt
YJG9gE74C0E,https://www.youtube.com/watch?v=YJG9gE74C0E,Arts and Entertainment,Music,music,/content/embeddings/music/YJG9gE74C0E.pt,ok,,/content/embeddings/music/YJG9gE74C0E.pt
8E6DV2vua64,https://www.youtube.com/watch?v=8E6DV2vua64,Arts and Entertainment,Costumes,costumes,/content/embeddings/costumes/8E6DV2vua64.pt,ok,,/content/embeddings/costumes/8E6DV2vua64.pt
mRU0JjQ2S0w,https://www.youtube.com/watch?v=mRU0JjQ2S0w,Arts and Entertainment,Costumes,costumes,/content/embeddings/costumes/mRU0JjQ2S0w.pt,ok,,/content/embeddings/costumes/mRU0JjQ2S0w.pt
6PDnQYtKiLI,https://www.youtube.com/watch?v=6PDnQYtKiLI,Arts and Entertainment,Cosplay and Role Playing,cosplay_and_role_playing,/content/embeddings/cosplay_and_role_playing/6PDnQYtKiLI.pt,ok,,/content/embeddings/cosplay_and_role_playing/6PDnQYtKiLI.pt
nkXS-O4U1gk,https://www.youtube.com/watch?v=nkXS-O4U1gk,Arts and Entertainment,Music,music,/content/embeddings/music/nkXS-O4U1gk.pt,ok,,/content/embeddings/music/nkXS-O4U1gk.pt
aq48NXxg8UQ,https://www.youtube.com/watch?v=aq48NXxg8UQ,Arts and Entertainment,Music,music,/content/embeddings/music/aq48NXxg8UQ.pt,ok,,/content/embeddings/music/aq48NXxg8UQ.pt
lgM9wu3MaD0,https://www.youtube.com/watch?v=lgM9wu3MaD0,Arts and Entertainment,Music,music,/content/embeddings/music/lgM9wu3MaD0.pt,ok,,/content/embeddings/music/lgM9wu3MaD0.pt
HzbYTUsqb1w,https://www.youtube.com/watch?v=HzbYTUsqb1w,Arts and Entertainment,Music,music,/content/embeddings/music/HzbYTUsqb1w.pt,ok,,/content/embeddings/music/HzbYTUsqb1w.pt
cV3i6tCyK18,https://www.youtube.com/watch?v=cV3i6tCyK18,Arts and Entertainment,Music,music,/content/embeddings/music/cV3i6tCyK18.pt,ok,,/content/embeddings/music/cV3i6tCyK18.pt
t9mBEAl2Fio,https://www.youtube.com/watch?v=t9mBEAl2Fio,Arts and Entertainment,Costumes,costumes,/content/embeddings/costumes/t9mBEAl2Fio.pt,ok,,/content/embeddings/costumes/t9mBEAl2Fio.pt
Ohutzt0SqvU,https://www.youtube.com/watch?v=Ohutzt0SqvU,Arts and Entertainment,Costumes,costumes,/content/embeddings/costumes/Ohutzt0SqvU.pt,ok,,/content/embeddings/costumes/Ohutzt0SqvU.pt
SPvyh9Zp4Qw,https://www.youtube.com/watch?v=SPvyh9Zp4Qw,Arts and Entertainment,Books,books,/content/embeddings/books/SPvyh9Zp4Qw.pt,ok,,/content/embeddings/books/SPvyh9Zp4Qw.pt
f7FNZ00cMHY,https://www.youtube.com/watch?v=f7FNZ00cMHY,Arts and Entertainment,Music,music,/content/embeddings/music/f7FNZ00cMHY.pt,ok,,/content/embeddings/music/f7FNZ00cMHY.pt
Maga0UUyZ0M,https://www.youtube.com/watch?v=Maga0UUyZ0M,Arts and Entertainment,Music,music,/content/embeddings/music/Maga0UUyZ0M.pt,ok,,/content/embeddings/music/Maga0UUyZ0M.pt
hqIa2lYT0xE,https://www.youtube.com/watch?v=hqIa2lYT0xE,Arts and Entertainment,Music,music,/content/embeddings/music/hqIa2lYT0xE.pt,ok,,/content/embeddings/music/hqIa2lYT0xE.pt
sH-9uQNsJTc,https://www.youtube.com/watch?v=sH-9uQNsJTc,Arts and Entertainment,Costumes,costumes,/content/embeddings/costumes/sH-9uQNsJTc.pt,ok,,/content/embeddings/costumes/sH-9uQNsJTc.pt
kNgQSEBzwn8,https://www.youtube.com/watch?v=kNgQSEBzwn8,Arts and Entertainment,Music,music,/content/embeddings/music/kNgQSEBzwn8.pt,ok,,/content/embeddings/music/kNgQSEBzwn8.pt
QUFkGJ14T_k,https://www.youtube.com/watch?v=QUFkGJ14T_k,Arts and Entertainment,Music,music,/content/embeddings/music/QUFkGJ14T_k.pt,ok,,/content/embeddings/music/QUFkGJ14T_k.pt
EJJC-l4f8Fc,https://www.youtube.com/watch?v=EJJC-l4f8Fc,Arts and Entertainment,Music,music,/content/embeddings/music/EJJC-l4f8Fc.pt,ok,,/content/embeddings/music/EJJC-l4f8Fc.pt
KOIC7TcWT20,https://www.youtube.com/watch?v=KOIC7TcWT20,Arts and Entertainment,Costumes,costumes,/content/embeddings/costumes/KOIC7TcWT20.pt,ok,,/content/embeddings/costumes/KOIC7TcWT20.pt
REDUgxxSGtc,https://www.youtube.com/watch?v=REDUgxxSGtc,Arts and Entertainment,Music,music,/content/embeddings/music/REDUgxxSGtc.pt,ok,,/content/embeddings/music/REDUgxxSGtc.pt
4vre6wApu_I,https://www.youtube.com/watch?v=4vre6wApu_I,Arts and Entertainment,Costumes,costumes,/content/embeddings/costumes/4vre6wApu_I.pt,ok,,/content/embeddings/costumes/4vre6wApu_I.pt
93GOclt9ScI,https://www.youtube.com/watch?v=93GOclt9ScI,Arts and Entertainment,Music,music,/content/embeddings/music/93GOclt9ScI.pt,ok,,/content/embeddings/music/93GOclt9ScI.pt
gVqjfKmwP6o,https://www.youtube.com/watch?v=gVqjfKmwP6o,Arts and Entertainment,Performing Arts,performing_arts,/content/embeddings/performing_arts/gVqjfKmwP6o.pt,ok,,/content/embeddings/performing_arts/gVqjfKmwP6o.pt
GN4JK71eALg,https://www.youtube.com/watch?v=GN4JK71eALg,Arts and Entertainment,Music,music,/content/embeddings/music/GN4JK71eALg.pt,ok,,/content/embeddings/music/GN4JK71eALg.pt
GGIy5nsdGnM,https://www.youtube.com/watch?v=GGIy5nsdGnM,Arts and Entertainment,Costumes,costumes,/content/embeddings/costumes/GGIy5nsdGnM.pt,ok,,/content/embeddings/costumes/GGIy5nsdGnM.pt
gNpyCG32aGI,https://www.youtube.com/watch?v=gNpyCG32aGI,Arts and Entertainment,Music,music,/content/embeddings/music/gNpyCG32aGI.pt,ok,,/content/embeddings/music/gNpyCG32aGI.pt
gkryZXYl0LU,https://www.youtube.com/watch?v=gkryZXYl0LU,Arts and Entertainment,Music,music,/content/embeddings/music/gkryZXYl0LU.pt,ok,,/content/embeddings/music/gkryZXYl0LU.pt
2wnfS0q4pHc,https://www.youtube.com/watch?v=2wnfS0q4pHc,Arts and Entertainment,Music,music,/content/embeddings/music/2wnfS0q4pHc.pt,ok,,/content/embeddings/music/2wnfS0q4pHc.pt
W7cLwyGs0dw,https://www.youtube.com/watch?v=W7cLwyGs0dw,Arts and Entertainment,Costumes,costumes,/content/embeddings/costumes/W7cLwyGs0dw.pt,ok,,/content/embeddings/costumes/W7cLwyGs0dw.pt
TsPIpQ1vhkc,https://www.youtube.com/watch?v=TsPIpQ1vhkc,Arts and Entertainment,Books,books,/content/embeddings/books/TsPIpQ1vhkc.pt,ok,,/content/embeddings/books/TsPIpQ1vhkc.pt
HTVbEAweIFg,https://www.youtube.com/watch?v=HTVbEAweIFg,Arts and Entertainment,Music,music,/content/embeddings/music/HTVbEAweIFg.pt,ok,,/content/embeddings/music/HTVbEAweIFg.pt
S_xR2VMz9TQ,https://www.youtube.com/watch?v=S_xR2VMz9TQ,Arts and Entertainment,Music,music,/content/embeddings/music/S_xR2VMz9TQ.pt,ok,,/content/embeddings/music/S_xR2VMz9TQ.pt
KRI3oMYiJfY,https://www.youtube.com/watch?v=KRI3oMYiJfY,Arts and Entertainment,Music,music,/content/embeddings/music/KRI3oMYiJfY.pt,ok,,/content/embeddings/music/KRI3oMYiJfY.pt
d_UndH3i9qc,https://www.youtube.com/watch?v=d_UndH3i9qc,Arts and Entertainment,Carnivals Circuses and Theme Parks,carnivals_circuses_and_theme_parks,/content/embeddings/carnivals_circuses_and_theme_parks/d_UndH3i9qc.pt,ok,,/content/embeddings/carnivals_circuses_and_theme_parks/d_UndH3i9qc.pt
nl4gLYGolbc,https://www.youtube.com/watch?v=nl4gLYGolbc,Arts and Entertainment,Music,music,/content/embeddings/music/nl4gLYGolbc.pt,ok,,/content/embeddings/music/nl4gLYGolbc.pt
vtrs8_3GjC4,https://www.youtube.com/watch?v=vtrs8_3GjC4,Arts and Entertainment,Music,music,/content/embeddings/music/vtrs8_3GjC4.pt,ok,,/content/embeddings/music/vtrs8_3GjC4.pt
wEivl9i7eMc,https://www.youtube.com/watch?v=wEivl9i7eMc,Arts and Entertainment,Movies,movies,/content/embeddings/movies/wEivl9i7eMc.pt,ok,,/content/embeddings/movies/wEivl9i7eMc.pt
gnvftG7AZAI,https://www.youtube.com/watch?v=gnvftG7AZAI,Arts and Entertainment,Costumes,costumes,/content/embeddings/costumes/gnvftG7AZAI.pt,ok,,/content/embeddings/costumes/gnvftG7AZAI.pt
SB_ULXDbgRU,https://www.youtube.com/watch?v=SB_ULXDbgRU,Arts and Entertainment,Music,music,/content/embeddings/music/SB_ULXDbgRU.pt,ok,,/content/embeddings/music/SB_ULXDbgRU.pt
WNfkAkk7spk,https://www.youtube.com/watch?v=WNfkAkk7spk,Arts and Entertainment,Costumes,costumes,/content/embeddings/costumes/WNfkAkk7spk.pt,ok,,/content/embeddings/costumes/WNfkAkk7spk.pt
4SuM98ZZBKw,https://www.youtube.com/watch?v=4SuM98ZZBKw,Arts and Entertainment,Costumes,costumes,/content/embeddings/costumes/4SuM98ZZBKw.pt,ok,,/content/embeddings/costumes/4SuM98ZZBKw.pt
Q4q5mupB1c0,https://www.youtube.com/watch?v=Q4q5mupB1c0,Arts and Entertainment,Costumes,costumes,/content/embeddings/costumes/Q4q5mupB1c0.pt,ok,,/content/embeddings/costumes/Q4q5mupB1c0.pt
xcUAQ4cfYIU,https://www.youtube.com/watch?v=xcUAQ4cfYIU,Arts and Entertainment,Music,music,/content/embeddings/music/xcUAQ4cfYIU.pt,ok,,/content/embeddings/music/xcUAQ4cfYIU.pt
lLej-jzKbeU,https://www.youtube.com/watch?v=lLej-jzKbeU,Arts and Entertainment,Music,music,/content/embeddings/music/lLej-jzKbeU.pt,ok,,/content/embeddings/music/lLej-jzKbeU.pt
9EIQxwotn3k,https://www.youtube.com/watch?v=9EIQxwotn3k,Arts and Entertainment,Music,music,/content/embeddings/music/9EIQxwotn3k.pt,ok,,/content/embeddings/music/9EIQxwotn3k.pt
nlLObRMLMas,https://www.youtube.com/watch?v=nlLObRMLMas,Arts and Entertainment,Movies,movies,/content/embeddings/movies/nlLObRMLMas.pt,ok,,/content/embeddings/movies/nlLObRMLMas.pt
NQCxgX253B8,https://www.youtube.com/watch?v=NQCxgX253B8,Arts and Entertainment,Music,music,/content/embeddings/music/NQCxgX253B8.pt,ok,,/content/embeddings/music/NQCxgX253B8.pt
OHqqHKqajs0,https://www.youtube.com/watch?v=OHqqHKqajs0,Arts and Entertainment,Costumes,costumes,/content/embeddings/costumes/OHqqHKqajs0.pt,ok,,/content/embeddings/costumes/OHqqHKqajs0.pt
ERJfHPdpmnQ,https://www.youtube.com/watch?v=ERJfHPdpmnQ,Arts and Entertainment,Music,music,/content/embeddings/music/ERJfHPdpmnQ.pt,ok,,/content/embeddings/music/ERJfHPdpmnQ.pt
n0eqRq4pMqc,https://www.youtube.com/watch?v=n0eqRq4pMqc,Arts and Entertainment,Costumes,costumes,/content/embeddings/costumes/n0eqRq4pMqc.pt,ok,,/content/embeddings/costumes/n0eqRq4pMqc.pt
HPJ7Fg_b1E0,https://www.youtube.com/watch?v=HPJ7Fg_b1E0,Arts and Entertainment,Music,music,/content/embeddings/music/HPJ7Fg_b1E0.pt,ok,,/content/embeddings/music/HPJ7Fg_b1E0.pt
WLAIgqVDuyo,https://www.youtube.com/watch?v=WLAIgqVDuyo,Arts and Entertainment,Music,music,/content/embeddings/music/WLAIgqVDuyo.pt,ok,,/content/embeddings/music/WLAIgqVDuyo.pt
8PuNGD1pTd0,https://www.youtube.com/watch?v=8PuNGD1pTd0,Arts and Entertainment,Music,music,/content/embeddings/music/8PuNGD1pTd0.pt,ok,,/content/embeddings/music/8PuNGD1pTd0.pt
JdWTlSrep_o,https://www.youtube.com/watch?v=JdWTlSrep_o,Arts and Entertainment,Music,music,/content/embeddings/music/JdWTlSrep_o.pt,ok,,/content/embeddings/music/JdWTlSrep_o.pt
ctAkq-_4N3I,https://www.youtube.com/watch?v=ctAkq-_4N3I,Arts and Entertainment,Music,music,/content/embeddings/music/ctAkq-_4N3I.pt,ok,,/content/embeddings/music/ctAkq-_4N3I.pt
aXHU7gHdscE,https://www.youtube.com/watch?v=aXHU7gHdscE,Arts and Entertainment,Music,music,/content/embeddings/music/aXHU7gHdscE.pt,ok,,/content/embeddings/music/aXHU7gHdscE.pt
0BLn7mp6lwc,https://www.youtube.com/watch?v=0BLn7mp6lwc,Arts and Entertainment,Music,music,/content/embeddings/music/0BLn7mp6lwc.pt,ok,,/content/embeddings/music/0BLn7mp6lwc.pt
bv3I04YGRe4,https://www.youtube.com/watch?v=bv3I04YGRe4,Arts and Entertainment,Costumes,costumes,/content/embeddings/costumes/bv3I04YGRe4.pt,ok,,/content/embeddings/costumes/bv3I04YGRe4.pt
rtaJ_2G1qTE,https://www.youtube.com/watch?v=rtaJ_2G1qTE,Arts and Entertainment,Costumes,costumes,/content/embeddings/costumes/rtaJ_2G1qTE.pt,ok,,/content/embeddings/costumes/rtaJ_2G1qTE.pt
LuNdeZJ-mxU,https://www.youtube.com/watch?v=LuNdeZJ-mxU,Arts and Entertainment,Books,books,/content/embeddings/books/LuNdeZJ-mxU.pt,ok,,/content/embeddings/books/LuNdeZJ-mxU.pt
-wSeBbZ7y7g,https://www.youtube.com/watch?v=-wSeBbZ7y7g,Arts and Entertainment,Costumes,costumes,/content/embeddings/costumes/-wSeBbZ7y7g.pt,ok,,/content/embeddings/costumes/-wSeBbZ7y7g.pt
9uiSvTf-120,https://www.youtube.com/watch?v=9uiSvTf-120,Arts and Entertainment,Music,music,/content/embeddings/music/9uiSvTf-120.pt,ok,,/content/embeddings/music/9uiSvTf-120.pt
UTNnlOJI52Q,https://www.youtube.com/watch?v=UTNnlOJI52Q,Arts and Entertainment,Movies,movies,/content/embeddings/movies/UTNnlOJI52Q.pt,ok,,/content/embeddings/movies/UTNnlOJI52Q.pt
jfRw0BZfXAc,https://www.youtube.com/watch?v=jfRw0BZfXAc,Arts and Entertainment,Music,music,/content/embeddings/music/jfRw0BZfXAc.pt,ok,,/content/embeddings/music/jfRw0BZfXAc.pt
8pQXfvFEGto,https://www.youtube.com/watch?v=8pQXfvFEGto,Arts and Entertainment,Movies,movies,/content/embeddings/movies/8pQXfvFEGto.pt,ok,,/content/embeddings/movies/8pQXfvFEGto.pt
y0C9w3VZ3Og,https://www.youtube.com/watch?v=y0C9w3VZ3Og,Arts and Entertainment,Music,music,/content/embeddings/music/y0C9w3VZ3Og.pt,ok,,/content/embeddings/music/y0C9w3VZ3Og.pt
tXMXR_32eiQ,https://www.youtube.com/watch?v=tXMXR_32eiQ,Arts and Entertainment,Costumes,costumes,/content/embeddings/costumes/tXMXR_32eiQ.pt,ok,,/content/embeddings/costumes/tXMXR_32eiQ.pt
43Gyxu7kVsQ,https://www.youtube.com/watch?v=43Gyxu7kVsQ,Arts and Entertainment,Costumes,costumes,/content/embeddings/costumes/43Gyxu7kVsQ.pt,ok,,/content/embeddings/costumes/43Gyxu7kVsQ.pt
AFGMjzkcb-U,https://www.youtube.com/watch?v=AFGMjzkcb-U,Arts and Entertainment,Books,books,/content/embeddings/books/AFGMjzkcb-U.pt,ok,,/content/embeddings/books/AFGMjzkcb-U.pt
DhW7O-4Zm7o,https://www.youtube.com/watch?v=DhW7O-4Zm7o,Arts and Entertainment,Music,music,/content/embeddings/music/DhW7O-4Zm7o.pt,ok,,/content/embeddings/music/DhW7O-4Zm7o.pt
LjV7XLOBDm4,https://www.youtube.com/watch?v=LjV7XLOBDm4,Arts and Entertainment,Music,music,/content/embeddings/music/LjV7XLOBDm4.pt,ok,,/content/embeddings/music/LjV7XLOBDm4.pt
Vthi8YHaoM0,https://www.youtube.com/watch?v=Vthi8YHaoM0,Arts and Entertainment,Music,music,/content/embeddings/music/Vthi8YHaoM0.pt,ok,,/content/embeddings/music/Vthi8YHaoM0.pt
Dc4T_REdwyE,https://www.youtube.com/watch?v=Dc4T_REdwyE,Arts and Entertainment,Costumes,costumes,/content/embeddings/costumes/Dc4T_REdwyE.pt,ok,,/content/embeddings/costumes/Dc4T_REdwyE.pt
ms9LFnXzz7A,https://www.youtube.com/watch?v=ms9LFnXzz7A,Arts and Entertainment,Music,music,/content/embeddings/music/ms9LFnXzz7A.pt,ok,,/content/embeddings/music/ms9LFnXzz7A.pt
Pd03CvbSauc,https://www.youtube.com/watch?v=Pd03CvbSauc,Arts and Entertainment,Costumes,costumes,/content/embeddings/costumes/Pd03CvbSauc.pt,ok,,/content/embeddings/costumes/Pd03CvbSauc.pt
UslRtgtp1iw,https://www.youtube.com/watch?v=UslRtgtp1iw,Arts and Entertainment,Costumes,costumes,/content/embeddings/costumes/UslRtgtp1iw.pt,ok,,/content/embeddings/costumes/UslRtgtp1iw.pt
QmqieNjkrrY,https://www.youtube.com/watch?v=QmqieNjkrrY,Arts and Entertainment,Music,music,/content/embeddings/music/QmqieNjkrrY.pt,ok,,/content/embeddings/music/QmqieNjkrrY.pt
iSdFGfUeyHo,https://www.youtube.com/watch?v=iSdFGfUeyHo,Arts and Entertainment,Costumes,costumes,/content/embeddings/costumes/iSdFGfUeyHo.pt,ok,,/content/embeddings/costumes/iSdFGfUeyHo.pt
uhbUOEUQGYY,https://www.youtube.com/watch?v=uhbUOEUQGYY,Arts and Entertainment,Music,music,/content/embeddings/music/uhbUOEUQGYY.pt,ok,,/content/embeddings/music/uhbUOEUQGYY.pt
Am1-uFCNcgQ,https://www.youtube.com/watch?v=Am1-uFCNcgQ,Arts and Entertainment,Music,music,/content/embeddings/music/Am1-uFCNcgQ.pt,ok,,/content/embeddings/music/Am1-uFCNcgQ.pt
TkRY2akVWIA,https://www.youtube.com/watch?v=TkRY2akVWIA,Arts and Entertainment,Costumes,costumes,/content/embeddings/costumes/TkRY2akVWIA.pt,ok,,/content/embeddings/costumes/TkRY2akVWIA.pt
bY0M2bmiPeA,https://www.youtube.com/watch?v=bY0M2bmiPeA,Arts and Entertainment,Books,books,/content/embeddings/books/bY0M2bmiPeA.pt,ok,,/content/embeddings/books/bY0M2bmiPeA.pt
X2osWr2j9Ho,https://www.youtube.com/watch?v=X2osWr2j9Ho,Arts and Entertainment,Music,music,/content/embeddings/music/X2osWr2j9Ho.pt,ok,,/content/embeddings/music/X2osWr2j9Ho.pt
Ennvmah1PEQ,https://www.youtube.com/watch?v=Ennvmah1PEQ,Arts and Entertainment,Performing Arts,performing_arts,/content/embeddings/performing_arts/Ennvmah1PEQ.pt,ok,,/content/embeddings/performing_arts/Ennvmah1PEQ.pt
FfuIHXTMips,https://www.youtube.com/watch?v=FfuIHXTMips,Arts and Entertainment,Music,music,/content/embeddings/music/FfuIHXTMips.pt,ok,,/content/embeddings/music/FfuIHXTMips.pt
sUo_XX9WLV8,https://www.youtube.com/watch?v=sUo_XX9WLV8,Arts and Entertainment,Books,books,/content/embeddings/books/sUo_XX9WLV8.pt,ok,,/content/embeddings/books/sUo_XX9WLV8.pt
mnAMR_7LKcg,https://www.youtube.com/watch?v=mnAMR_7LKcg,Arts and Entertainment,Costumes,costumes,/content/embeddings/costumes/mnAMR_7LKcg.pt,ok,,/content/embeddings/costumes/mnAMR_7LKcg.pt
Mc1_o6R4as8,https://www.youtube.com/watch?v=Mc1_o6R4as8,Arts and Entertainment,Costumes,costumes,/content/embeddings/costumes/Mc1_o6R4as8.pt,ok,,/content/embeddings/costumes/Mc1_o6R4as8.pt
91x5bPf2Eag,https://www.youtube.com/watch?v=91x5bPf2Eag,Arts and Entertainment,Costumes,costumes,/content/embeddings/costumes/91x5bPf2Eag.pt,ok,,/content/embeddings/costumes/91x5bPf2Eag.pt
6N9IQVdl_CI,https://www.youtube.com/watch?v=6N9IQVdl_CI,Arts and Entertainment,Music,music,/content/embeddings/music/6N9IQVdl_CI.pt,ok,,/content/embeddings/music/6N9IQVdl_CI.pt
CWHTCRgPbV4,https://www.youtube.com/watch?v=CWHTCRgPbV4,Arts and Entertainment,Music,music,/content/embeddings/music/CWHTCRgPbV4.pt,ok,,/content/embeddings/music/CWHTCRgPbV4.pt
jy9qENaXIq8,https://www.youtube.com/watch?v=jy9qENaXIq8,Arts and Entertainment,Costumes,costumes,/content/embeddings/costumes/jy9qENaXIq8.pt,ok,,/content/embeddings/costumes/jy9qENaXIq8.pt
hWo0MEljFPA,https://www.youtube.com/watch?v=hWo0MEljFPA,Arts and Entertainment,Music,music,/content/embeddings/music/hWo0MEljFPA.pt,ok,,/content/embeddings/music/hWo0MEljFPA.pt
r_Ns8l2EnW0,https://www.youtube.com/watch?v=r_Ns8l2EnW0,Arts and Entertainment,Music,music,/content/embeddings/music/r_Ns8l2EnW0.pt,ok,,/content/embeddings/music/r_Ns8l2EnW0.pt
Wf0iEB5KkX4,https://www.youtube.com/watch?v=Wf0iEB5KkX4,Arts and Entertainment,Music,music,/content/embeddings/music/Wf0iEB5KkX4.pt,ok,,/content/embeddings/music/Wf0iEB5KkX4.pt
Vn5t7msyUs8,https://www.youtube.com/watch?v=Vn5t7msyUs8,Arts and Entertainment,Music,music,/content/embeddings/music/Vn5t7msyUs8.pt,ok,,/content/embeddings/music/Vn5t7msyUs8.pt
pI6gEBsu9nk,https://www.youtube.com/watch?v=pI6gEBsu9nk,Arts and Entertainment,Music,music,/content/embeddings/music/pI6gEBsu9nk.pt,ok,,/content/embeddings/music/pI6gEBsu9nk.pt
EdOv1I-hz7g,https://www.youtube.com/watch?v=EdOv1I-hz7g,Arts and Entertainment,Music,music,/content/embeddings/music/EdOv1I-hz7g.pt,ok,,/content/embeddings/music/EdOv1I-hz7g.pt
KWuMWCC1J3A,https://www.youtube.com/watch?v=KWuMWCC1J3A,Arts and Entertainment,Costumes,costumes,/content/embeddings/costumes/KWuMWCC1J3A.pt,ok,,/content/embeddings/costumes/KWuMWCC1J3A.pt
Sk4R5WvkgWc,https://www.youtube.com/watch?v=Sk4R5WvkgWc,Arts and Entertainment,Music,music,/content/embeddings/music/Sk4R5WvkgWc.pt,ok,,/content/embeddings/music/Sk4R5WvkgWc.pt
YlVi0noRr-o,https://www.youtube.com/watch?v=YlVi0noRr-o,Arts and Entertainment,Costumes,costumes,/content/embeddings/costumes/YlVi0noRr-o.pt,ok,,/content/embeddings/costumes/YlVi0noRr-o.pt
35e81nVK2mM,https://www.youtube.com/watch?v=35e81nVK2mM,Arts and Entertainment,Music,music,/content/embeddings/music/35e81nVK2mM.pt,ok,,/content/embeddings/music/35e81nVK2mM.pt
L3TLevMJsLU,https://www.youtube.com/watch?v=L3TLevMJsLU,Arts and Entertainment,Music,music,/content/embeddings/music/L3TLevMJsLU.pt,ok,,/content/embeddings/music/L3TLevMJsLU.pt
Nm-8tD6Fmjk,https://www.youtube.com/watch?v=Nm-8tD6Fmjk,Arts and Entertainment,Music,music,/content/embeddings/music/Nm-8tD6Fmjk.pt,ok,,/content/embeddings/music/Nm-8tD6Fmjk.pt
9gKk_achCJs,https://www.youtube.com/watch?v=9gKk_achCJs,Arts and Entertainment,Music,music,/content/embeddings/music/9gKk_achCJs.pt,ok,,/content/embeddings/music/9gKk_achCJs.pt
TocqyGYmyfs,https://www.youtube.com/watch?v=TocqyGYmyfs,Arts and Entertainment,Books,books,/content/embeddings/books/TocqyGYmyfs.pt,ok,,/content/embeddings/books/TocqyGYmyfs.pt
Ny9mp7_qMYs,https://www.youtube.com/watch?v=Ny9mp7_qMYs,Arts and Entertainment,Music,music,/content/embeddings/music/Ny9mp7_qMYs.pt,ok,,/content/embeddings/music/Ny9mp7_qMYs.pt
wf73vgBrfao,https://www.youtube.com/watch?v=wf73vgBrfao,Arts and Entertainment,Music,music,/content/embeddings/music/wf73vgBrfao.pt,ok,,/content/embeddings/music/wf73vgBrfao.pt
b-9yz4VD0CE,https://www.youtube.com/watch?v=b-9yz4VD0CE,Arts and Entertainment,Costumes,costumes,/content/embeddings/costumes/b-9yz4VD0CE.pt,ok,,/content/embeddings/costumes/b-9yz4VD0CE.pt
-i-Dp1prqTM,https://www.youtube.com/watch?v=-i-Dp1prqTM,Arts and Entertainment,Music,music,/content/embeddings/music/-i-Dp1prqTM.pt,ok,,/content/embeddings/music/-i-Dp1prqTM.pt
MgNwdWuZsmg,https://www.youtube.com/watch?v=MgNwdWuZsmg,Arts and Entertainment,Books,books,/content/embeddings/books/MgNwdWuZsmg.pt,ok,,/content/embeddings/books/MgNwdWuZsmg.pt
xybjLcxcn1I,https://www.youtube.com/watch?v=xybjLcxcn1I,Arts and Entertainment,Cosplay and Role Playing,cosplay_and_role_playing,/content/embeddings/cosplay_and_role_playing/xybjLcxcn1I.pt,ok,,/content/embeddings/cosplay_and_role_playing/xybjLcxcn1I.pt
b7c_SO68WSE,https://www.youtube.com/watch?v=b7c_SO68WSE,Arts and Entertainment,Music,music,/content/embeddings/music/b7c_SO68WSE.pt,ok,,/content/embeddings/music/b7c_SO68WSE.pt
wfCgQi8g8ao,https://www.youtube.com/watch?v=wfCgQi8g8ao,Arts and Entertainment,Music,music,/content/embeddings/music/wfCgQi8g8ao.pt,ok,,/content/embeddings/music/wfCgQi8g8ao.pt
h20AYCv0i9A,https://www.youtube.com/watch?v=h20AYCv0i9A,Arts and Entertainment,Music,music,/content/embeddings/music/h20AYCv0i9A.pt,ok,,/content/embeddings/music/h20AYCv0i9A.pt
yeKm-ccvpUs,https://www.youtube.com/watch?v=yeKm-ccvpUs,Arts and Entertainment,Music,music,/content/embeddings/music/yeKm-ccvpUs.pt,ok,,/content/embeddings/music/yeKm-ccvpUs.pt
pd1dJqMGwtc,https://www.youtube.com/watch?v=pd1dJqMGwtc,Arts and Entertainment,Music,music,/content/embeddings/music/pd1dJqMGwtc.pt,ok,,/content/embeddings/music/pd1dJqMGwtc.pt
MgxSYXCiOx8,https://www.youtube.com/watch?v=MgxSYXCiOx8,Arts and Entertainment,Music,music,/content/embeddings/music/MgxSYXCiOx8.pt,ok,,/content/embeddings/music/MgxSYXCiOx8.pt
Cq8LNdq4QD8,https://www.youtube.com/watch?v=Cq8LNdq4QD8,Arts and Entertainment,Music,music,/content/embeddings/music/Cq8LNdq4QD8.pt,ok,,/content/embeddings/music/Cq8LNdq4QD8.pt
HVe_-iM79Jw,https://www.youtube.com/watch?v=HVe_-iM79Jw,Arts and Entertainment,Cosplay and Role Playing,cosplay_and_role_playing,/content/embeddings/cosplay_and_role_playing/HVe_-iM79Jw.pt,ok,,/content/embeddings/cosplay_and_role_playing/HVe_-iM79Jw.pt
4KcQEJZYJB0,https://www.youtube.com/watch?v=4KcQEJZYJB0,Arts and Entertainment,Music,music,/content/embeddings/music/4KcQEJZYJB0.pt,ok,,/content/embeddings/music/4KcQEJZYJB0.pt
AXqFksW2_7g,https://www.youtube.com/watch?v=AXqFksW2_7g,Arts and Entertainment,Books,books,/content/embeddings/books/AXqFksW2_7g.pt,ok,,/content/embeddings/books/AXqFksW2_7g.pt
pKC2mKFsKmA,https://www.youtube.com/watch?v=pKC2mKFsKmA,Arts and Entertainment,Music,music,/content/embeddings/music/pKC2mKFsKmA.pt,ok,,/content/embeddings/music/pKC2mKFsKmA.pt
EcXnB1MsjKI,https://www.youtube.com/watch?v=EcXnB1MsjKI,Arts and Entertainment,Music,music,/content/embeddings/music/EcXnB1MsjKI.pt,ok,,/content/embeddings/music/EcXnB1MsjKI.pt
3anZYnSwI6Q,https://www.youtube.com/watch?v=3anZYnSwI6Q,Arts and Entertainment,Music,music,/content/embeddings/music/3anZYnSwI6Q.pt,ok,,/content/embeddings/music/3anZYnSwI6Q.pt
JOekJnMGoSI,https://www.youtube.com/watch?v=JOekJnMGoSI,Arts and Entertainment,Music,music,/content/embeddings/music/JOekJnMGoSI.pt,ok,,/content/embeddings/music/JOekJnMGoSI.pt
HdNPnE_3MPs,https://www.youtube.com/watch?v=HdNPnE_3MPs,Arts and Entertainment,Costumes,costumes,/content/embeddings/costumes/HdNPnE_3MPs.pt,ok,,/content/embeddings/costumes/HdNPnE_3MPs.pt
_HDSI8UuXxY,https://www.youtube.com/watch?v=_HDSI8UuXxY,Arts and Entertainment,Music,music,/content/embeddings/music/_HDSI8UuXxY.pt,ok,,/content/embeddings/music/_HDSI8UuXxY.pt
HJVLLAhMblM,https://www.youtube.com/watch?v=HJVLLAhMblM,Arts and Entertainment,Music,music,/content/embeddings/music/HJVLLAhMblM.pt,ok,,/content/embeddings/music/HJVLLAhMblM.pt
Dh2H5ui608U,https://www.youtube.com/watch?v=Dh2H5ui608U,Arts and Entertainment,Books,books,/content/embeddings/books/Dh2H5ui608U.pt,ok,,/content/embeddings/books/Dh2H5ui608U.pt
EhsFRjvcRg0,https://www.youtube.com/watch?v=EhsFRjvcRg0,Arts and Entertainment,Movies,movies,/content/embeddings/movies/EhsFRjvcRg0.pt,ok,,/content/embeddings/movies/EhsFRjvcRg0.pt
fo8zhjiBvT0,https://www.youtube.com/watch?v=fo8zhjiBvT0,Arts and Entertainment,Music,music,/content/embeddings/music/fo8zhjiBvT0.pt,ok,,/content/embeddings/music/fo8zhjiBvT0.pt
HUzYED9mEF4,https://www.youtube.com/watch?v=HUzYED9mEF4,Arts and Entertainment,Music,music,/content/embeddings/music/HUzYED9mEF4.pt,ok,,/content/embeddings/music/HUzYED9mEF4.pt
RgL6YzQaNjc,https://www.youtube.com/watch?v=RgL6YzQaNjc,Arts and Entertainment,Books,books,/content/embeddings/books/RgL6YzQaNjc.pt,ok,,/content/embeddings/books/RgL6YzQaNjc.pt
ytoQLJ32ahw,https://www.youtube.com/watch?v=ytoQLJ32ahw,Arts and Entertainment,Exhibited Arts,exhibited_arts,/content/embeddings/exhibited_arts/ytoQLJ32ahw.pt,ok,,/content/embeddings/exhibited_arts/ytoQLJ32ahw.pt
fylaNnFOtec,https://www.youtube.com/watch?v=fylaNnFOtec,Arts and Entertainment,Music,music,/content/embeddings/music/fylaNnFOtec.pt,ok,,/content/embeddings/music/fylaNnFOtec.pt
Bx5bDrPQfr8,https://www.youtube.com/watch?v=Bx5bDrPQfr8,Arts and Entertainment,Costumes,costumes,/content/embeddings/costumes/Bx5bDrPQfr8.pt,ok,,/content/embeddings/costumes/Bx5bDrPQfr8.pt
eZ16D5OV7cc,https://www.youtube.com/watch?v=eZ16D5OV7cc,Arts and Entertainment,Music,music,/content/embeddings/music/eZ16D5OV7cc.pt,ok,,/content/embeddings/music/eZ16D5OV7cc.pt
163fi-SQC_8,https://www.youtube.com/watch?v=163fi-SQC_8,Arts and Entertainment,Exhibited Arts,exhibited_arts,/content/embeddings/exhibited_arts/163fi-SQC_8.pt,ok,,/content/embeddings/exhibited_arts/163fi-SQC_8.pt
lDDhthLe16E,https://www.youtube.com/watch?v=lDDhthLe16E,Arts and Entertainment,Books,books,/content/embeddings/books/lDDhthLe16E.pt,ok,,/content/embeddings/books/lDDhthLe16E.pt
x6a_4xE-e5I,https://www.youtube.com/watch?v=x6a_4xE-e5I,Arts and Entertainment,Music,music,/content/embeddings/music/x6a_4xE-e5I.pt,ok,,/content/embeddings/music/x6a_4xE-e5I.pt
pllFa1g7SVg,https://www.youtube.com/watch?v=pllFa1g7SVg,Arts and Entertainment,Music,music,/content/embeddings/music/pllFa1g7SVg.pt,ok,,/content/embeddings/music/pllFa1g7SVg.pt
8Jx8AIo3U04,https://www.youtube.com/watch?v=8Jx8AIo3U04,Arts and Entertainment,Cosplay and Role Playing,cosplay_and_role_playing,/content/embeddings/cosplay_and_role_playing/8Jx8AIo3U04.pt,ok,,/content/embeddings/cosplay_and_role_playing/8Jx8AIo3U04.pt
Tt9biB4I3i8,https://www.youtube.com/watch?v=Tt9biB4I3i8,Arts and Entertainment,Books,books,/content/embeddings/books/Tt9biB4I3i8.pt,ok,,/content/embeddings/books/Tt9biB4I3i8.pt
WQ2Cg62mvkQ,https://www.youtube.com/watch?v=WQ2Cg62mvkQ,Arts and Entertainment,Movies,movies,/content/embeddings/movies/WQ2Cg62mvkQ.pt,ok,,/content/embeddings/movies/WQ2Cg62mvkQ.pt
1AsC-Qaym0I,https://www.youtube.com/watch?v=1AsC-Qaym0I,Arts and Entertainment,Music,music,/content/embeddings/music/1AsC-Qaym0I.pt,ok,,/content/embeddings/music/1AsC-Qaym0I.pt
3wg4MUCLkAM,https://www.youtube.com/watch?v=3wg4MUCLkAM,Arts and Entertainment,Movies,movies,/content/embeddings/movies/3wg4MUCLkAM.pt,ok,,/content/embeddings/movies/3wg4MUCLkAM.pt
1YVDhSpcXz0,https://www.youtube.com/watch?v=1YVDhSpcXz0,Arts and Entertainment,Music,music,/content/embeddings/music/1YVDhSpcXz0.pt,ok,,/content/embeddings/music/1YVDhSpcXz0.pt
AgJ5qw9rk3c,https://www.youtube.com/watch?v=AgJ5qw9rk3c,Arts and Entertainment,Music,music,/content/embeddings/music/AgJ5qw9rk3c.pt,ok,,/content/embeddings/music/AgJ5qw9rk3c.pt
KlqoYUgJFu4,https://www.youtube.com/watch?v=KlqoYUgJFu4,Arts and Entertainment,Music,music,/content/embeddings/music/KlqoYUgJFu4.pt,ok,,/content/embeddings/music/KlqoYUgJFu4.pt
eQV3ZZUjc8Q,https://www.youtube.com/watch?v=eQV3ZZUjc8Q,Arts and Entertainment,Music,music,/content/embeddings/music/eQV3ZZUjc8Q.pt,ok,,/content/embeddings/music/eQV3ZZUjc8Q.pt
snUNFQwgTI4,https://www.youtube.com/watch?v=snUNFQwgTI4,Arts and Entertainment,Costumes,costumes,/content/embeddings/costumes/snUNFQwgTI4.pt,ok,,/content/embeddings/costumes/snUNFQwgTI4.pt
-ClEJoyDWXc,https://www.youtube.com/watch?v=-ClEJoyDWXc,Arts and Entertainment,Movies,movies,/content/embeddings/movies/-ClEJoyDWXc.pt,ok,,/content/embeddings/movies/-ClEJoyDWXc.pt
e9QZRro3eLo,https://www.youtube.com/watch?v=e9QZRro3eLo,Arts and Entertainment,Music,music,/content/embeddings/music/e9QZRro3eLo.pt,ok,,/content/embeddings/music/e9QZRro3eLo.pt
9RtQ2aar_bc,https://www.youtube.com/watch?v=9RtQ2aar_bc,Arts and Entertainment,Music,music,/content/embeddings/music/9RtQ2aar_bc.pt,ok,,/content/embeddings/music/9RtQ2aar_bc.pt
nff4vH_PaDU,https://www.youtube.com/watch?v=nff4vH_PaDU,Arts and Entertainment,Music,music,/content/embeddings/music/nff4vH_PaDU.pt,ok,,/content/embeddings/music/nff4vH_PaDU.pt
77_RcyvFhB4,https://www.youtube.com/watch?v=77_RcyvFhB4,Arts and Entertainment,Movies,movies,/content/embeddings/movies/77_RcyvFhB4.pt,ok,,/content/embeddings/movies/77_RcyvFhB4.pt
IPmO_kHpkGI,https://www.youtube.com/watch?v=IPmO_kHpkGI,Arts and Entertainment,Music,music,/content/embeddings/music/IPmO_kHpkGI.pt,ok,,/content/embeddings/music/IPmO_kHpkGI.pt
MZyh4To1mtY,https://www.youtube.com/watch?v=MZyh4To1mtY,Arts and Entertainment,Cosplay and Role Playing,cosplay_and_role_playing,/content/embeddings/cosplay_and_role_playing/MZyh4To1mtY.pt,ok,,/content/embeddings/cosplay_and_role_playing/MZyh4To1mtY.pt
pZFh3UwCAHM,https://www.youtube.com/watch?v=pZFh3UwCAHM,Arts and Entertainment,Music,music,/content/embeddings/music/pZFh3UwCAHM.pt,ok,,/content/embeddings/music/pZFh3UwCAHM.pt
1_ISjbSb7co,https://www.youtube.com/watch?v=1_ISjbSb7co,Arts and Entertainment,Costumes,costumes,/content/embeddings/costumes/1_ISjbSb7co.pt,ok,,/content/embeddings/costumes/1_ISjbSb7co.pt
AlZ05XJL_zE,https://www.youtube.com/watch?v=AlZ05XJL_zE,Arts and Entertainment,Costumes,costumes,/content/embeddings/costumes/AlZ05XJL_zE.pt,ok,,/content/embeddings/costumes/AlZ05XJL_zE.pt
PwCsbYCFt0g,https://www.youtube.com/watch?v=PwCsbYCFt0g,Arts and Entertainment,Music,music,/content/embeddings/music/PwCsbYCFt0g.pt,ok,,/content/embeddings/music/PwCsbYCFt0g.pt
fhO7mmz3XYo,https://www.youtube.com/watch?v=fhO7mmz3XYo,Arts and Entertainment,Music,music,/content/embeddings/music/fhO7mmz3XYo.pt,ok,,/content/embeddings/music/fhO7mmz3XYo.pt
HIVAJrXi1SQ,https://www.youtube.com/watch?v=HIVAJrXi1SQ,Arts and Entertainment,Music,music,/content/embeddings/music/HIVAJrXi1SQ.pt,ok,,/content/embeddings/music/HIVAJrXi1SQ.pt
txQJhesMA98,https://www.youtube.com/watch?v=txQJhesMA98,Arts and Entertainment,Music,music,/content/embeddings/music/txQJhesMA98.pt,ok,,/content/embeddings/music/txQJhesMA98.pt
WowZ753WTPI,https://www.youtube.com/watch?v=WowZ753WTPI,Arts and Entertainment,Books,books,/content/embeddings/books/WowZ753WTPI.pt,ok,,/content/embeddings/books/WowZ753WTPI.pt
3BHSVTLfUD4,https://www.youtube.com/watch?v=3BHSVTLfUD4,Arts and Entertainment,Music,music,/content/embeddings/music/3BHSVTLfUD4.pt,ok,,/content/embeddings/music/3BHSVTLfUD4.pt
ZSgoqblT8pk,https://www.youtube.com/watch?v=ZSgoqblT8pk,Arts and Entertainment,Movies,movies,/content/embeddings/movies/ZSgoqblT8pk.pt,ok,,/content/embeddings/movies/ZSgoqblT8pk.pt
kaV7jvdP-g0,https://www.youtube.com/watch?v=kaV7jvdP-g0,Arts and Entertainment,Costumes,costumes,/content/embeddings/costumes/kaV7jvdP-g0.pt,ok,,/content/embeddings/costumes/kaV7jvdP-g0.pt
7sm2cDzDyxU,https://www.youtube.com/watch?v=7sm2cDzDyxU,Arts and Entertainment,Music,music,/content/embeddings/music/7sm2cDzDyxU.pt,ok,,/content/embeddings/music/7sm2cDzDyxU.pt
-VlP2IA3gIA,https://www.youtube.com/watch?v=-VlP2IA3gIA,Arts and Entertainment,Music,music,/content/embeddings/music/-VlP2IA3gIA.pt,ok,,/content/embeddings/music/-VlP2IA3gIA.pt
_cqIYSrVIG8,https://www.youtube.com/watch?v=_cqIYSrVIG8,Arts and Entertainment,Music,music,/content/embeddings/music/_cqIYSrVIG8.pt,ok,,/content/embeddings/music/_cqIYSrVIG8.pt
fpuI_Rb55BE,https://www.youtube.com/watch?v=fpuI_Rb55BE,Arts and Entertainment,Music,music,/content/embeddings/music/fpuI_Rb55BE.pt,ok,,/content/embeddings/music/fpuI_Rb55BE.pt
mpELe74HQdc,https://www.youtube.com/watch?v=mpELe74HQdc,Arts and Entertainment,Music,music,/content/embeddings/music/mpELe74HQdc.pt,ok,,/content/embeddings/music/mpELe74HQdc.pt
Q8jc1PGgI0Q,https://www.youtube.com/watch?v=Q8jc1PGgI0Q,Arts and Entertainment,Costumes,costumes,/content/embeddings/costumes/Q8jc1PGgI0Q.pt,ok,,/content/embeddings/costumes/Q8jc1PGgI0Q.pt
RLX1E5rV2L0,https://www.youtube.com/watch?v=RLX1E5rV2L0,Arts and Entertainment,Carnivals Circuses and Theme Parks,carnivals_circuses_and_theme_parks,/content/embeddings/carnivals_circuses_and_theme_parks/RLX1E5rV2L0.pt,ok,,/content/embeddings/carnivals_circuses_and_theme_parks/RLX1E5rV2L0.pt
pBk9Bqq9Cag,https://www.youtube.com/watch?v=pBk9Bqq9Cag,Arts and Entertainment,Books,books,/content/embeddings/books/pBk9Bqq9Cag.pt,ok,,/content/embeddings/books/pBk9Bqq9Cag.pt
hDzU7jwbVjE,https://www.youtube.com/watch?v=hDzU7jwbVjE,Arts and Entertainment,Music,music,/content/embeddings/music/hDzU7jwbVjE.pt,ok,,/content/embeddings/music/hDzU7jwbVjE.pt
EXxD8WfnXeE,https://www.youtube.com/watch?v=EXxD8WfnXeE,Arts and Entertainment,Music,music,/content/embeddings/music/EXxD8WfnXeE.pt,ok,,/content/embeddings/music/EXxD8WfnXeE.pt
BhqEhvTatoQ,https://www.youtube.com/watch?v=BhqEhvTatoQ,Arts and Entertainment,Costumes,costumes,/content/embeddings/costumes/BhqEhvTatoQ.pt,ok,,/content/embeddings/costumes/BhqEhvTatoQ.pt
peKJ8XI3Xtk,https://www.youtube.com/watch?v=peKJ8XI3Xtk,Arts and Entertainment,Movies,movies,/content/embeddings/movies/peKJ8XI3Xtk.pt,ok,,/content/embeddings/movies/peKJ8XI3Xtk.pt
ooVdswSER2Q,https://www.youtube.com/watch?v=ooVdswSER2Q,Arts and Entertainment,Music,music,/content/embeddings/music/ooVdswSER2Q.pt,ok,,/content/embeddings/music/ooVdswSER2Q.pt
aIh3z_5yA6M,https://www.youtube.com/watch?v=aIh3z_5yA6M,Arts and Entertainment,Music,music,/content/embeddings/music/aIh3z_5yA6M.pt,ok,,/content/embeddings/music/aIh3z_5yA6M.pt
cgLftNVCCII,https://www.youtube.com/watch?v=cgLftNVCCII,Arts and Entertainment,Music,music,/content/embeddings/music/cgLftNVCCII.pt,ok,,/content/embeddings/music/cgLftNVCCII.pt
1J8l_5NNlzQ,https://www.youtube.com/watch?v=1J8l_5NNlzQ,Arts and Entertainment,Music,music,/content/embeddings/music/1J8l_5NNlzQ.pt,ok,,/content/embeddings/music/1J8l_5NNlzQ.pt
wyMj4RSNXRY,https://www.youtube.com/watch?v=wyMj4RSNXRY,Arts and Entertainment,Costumes,costumes,/content/embeddings/costumes/wyMj4RSNXRY.pt,ok,,/content/embeddings/costumes/wyMj4RSNXRY.pt
sscoxjsJvFw,https://www.youtube.com/watch?v=sscoxjsJvFw,Arts and Entertainment,Music,music,/content/embeddings/music/sscoxjsJvFw.pt,ok,,/content/embeddings/music/sscoxjsJvFw.pt
wfzYcMQxji0,https://www.youtube.com/watch?v=wfzYcMQxji0,Arts and Entertainment,Costumes,costumes,/content/embeddings/costumes/wfzYcMQxji0.pt,ok,,/content/embeddings/costumes/wfzYcMQxji0.pt
uu9_MNi7wvw,https://www.youtube.com/watch?v=uu9_MNi7wvw,Arts and Entertainment,Music,music,/content/embeddings/music/uu9_MNi7wvw.pt,ok,,/content/embeddings/music/uu9_MNi7wvw.pt
VeOjtkMvBLw,https://www.youtube.com/watch?v=VeOjtkMvBLw,Arts and Entertainment,Music,music,/content/embeddings/music/VeOjtkMvBLw.pt,ok,,/content/embeddings/music/VeOjtkMvBLw.pt
S16UFyoo21Y,https://www.youtube.com/watch?v=S16UFyoo21Y,Arts and Entertainment,Music,music,/content/embeddings/music/S16UFyoo21Y.pt,ok,,/content/embeddings/music/S16UFyoo21Y.pt
ndlP9gnGwyw,https://www.youtube.com/watch?v=ndlP9gnGwyw,Arts and Entertainment,Exhibited Arts,exhibited_arts,/content/embeddings/exhibited_arts/ndlP9gnGwyw.pt,ok,,/content/embeddings/exhibited_arts/ndlP9gnGwyw.pt
pFprVRJVNKQ,https://www.youtube.com/watch?v=pFprVRJVNKQ,Arts and Entertainment,Music,music,/content/embeddings/music/pFprVRJVNKQ.pt,ok,,/content/embeddings/music/pFprVRJVNKQ.pt
fDzzUPMjROA,https://www.youtube.com/watch?v=fDzzUPMjROA,Arts and Entertainment,Music,music,/content/embeddings/music/fDzzUPMjROA.pt,ok,,/content/embeddings/music/fDzzUPMjROA.pt
AOx8FX_X5PU,https://www.youtube.com/watch?v=AOx8FX_X5PU,Arts and Entertainment,Music,music,/content/embeddings/music/AOx8FX_X5PU.pt,ok,,/content/embeddings/music/AOx8FX_X5PU.pt
Y_LoBbyhn74,https://www.youtube.com/watch?v=Y_LoBbyhn74,Arts and Entertainment,Costumes,costumes,/content/embeddings/costumes/Y_LoBbyhn74.pt,ok,,/content/embeddings/costumes/Y_LoBbyhn74.pt
_vxCkRxCXO0,https://www.youtube.com/watch?v=_vxCkRxCXO0,Arts and Entertainment,Music,music,/content/embeddings/music/_vxCkRxCXO0.pt,ok,,/content/embeddings/music/_vxCkRxCXO0.pt
ux_Em1lVsjI,https://www.youtube.com/watch?v=ux_Em1lVsjI,Arts and Entertainment,Movies,movies,/content/embeddings/movies/ux_Em1lVsjI.pt,ok,,/content/embeddings/movies/ux_Em1lVsjI.pt
VICiymRE1VU,https://www.youtube.com/watch?v=VICiymRE1VU,Arts and Entertainment,Books,books,/content/embeddings/books/VICiymRE1VU.pt,ok,,/content/embeddings/books/VICiymRE1VU.pt
IU9gq0CmLMI,https://www.youtube.com/watch?v=IU9gq0CmLMI,Arts and Entertainment,Books,books,/content/embeddings/books/IU9gq0CmLMI.pt,ok,,/content/embeddings/books/IU9gq0CmLMI.pt
bsMJ0ujDlfY,https://www.youtube.com/watch?v=bsMJ0ujDlfY,Arts and Entertainment,Music,music,/content/embeddings/music/bsMJ0ujDlfY.pt,ok,,/content/embeddings/music/bsMJ0ujDlfY.pt
dOQsDlcjJVQ,https://www.youtube.com/watch?v=dOQsDlcjJVQ,Arts and Entertainment,Performing Arts,performing_arts,/content/embeddings/performing_arts/dOQsDlcjJVQ.pt,ok,,/content/embeddings/performing_arts/dOQsDlcjJVQ.pt
YKuPwUyR57o,https://www.youtube.com/watch?v=YKuPwUyR57o,Arts and Entertainment,Music,music,/content/embeddings/music/YKuPwUyR57o.pt,ok,,/content/embeddings/music/YKuPwUyR57o.pt
AifIaePOaiw,https://www.youtube.com/watch?v=AifIaePOaiw,Arts and Entertainment,Music,music,/content/embeddings/music/AifIaePOaiw.pt,ok,,/content/embeddings/music/AifIaePOaiw.pt
K2qNEKOkoFs,https://www.youtube.com/watch?v=K2qNEKOkoFs,Arts and Entertainment,Music,music,/content/embeddings/music/K2qNEKOkoFs.pt,ok,,/content/embeddings/music/K2qNEKOkoFs.pt
eyOkSX_0nX8,https://www.youtube.com/watch?v=eyOkSX_0nX8,Arts and Entertainment,Movies,movies,/content/embeddings/movies/eyOkSX_0nX8.pt,ok,,/content/embeddings/movies/eyOkSX_0nX8.pt
ytaS2f7T8s8,https://www.youtube.com/watch?v=ytaS2f7T8s8,Arts and Entertainment,Costumes,costumes,/content/embeddings/costumes/ytaS2f7T8s8.pt,ok,,/content/embeddings/costumes/ytaS2f7T8s8.pt
t457Fia21Z4,https://www.youtube.com/watch?v=t457Fia21Z4,Arts and Entertainment,Music,music,/content/embeddings/music/t457Fia21Z4.pt,ok,,/content/embeddings/music/t457Fia21Z4.pt
89jTjeCp7e4,https://www.youtube.com/watch?v=89jTjeCp7e4,Arts and Entertainment,Books,books,/content/embeddings/books/89jTjeCp7e4.pt,ok,,/content/embeddings/books/89jTjeCp7e4.pt
UNQlyAVWfQs,https://www.youtube.com/watch?v=UNQlyAVWfQs,Arts and Entertainment,Music,music,/content/embeddings/music/UNQlyAVWfQs.pt,ok,,/content/embeddings/music/UNQlyAVWfQs.pt
HCUgPuQZKh4,https://www.youtube.com/watch?v=HCUgPuQZKh4,Arts and Entertainment,Music,music,/content/embeddings/music/HCUgPuQZKh4.pt,ok,,/content/embeddings/music/HCUgPuQZKh4.pt
k1GlJmpvT2o,https://www.youtube.com/watch?v=k1GlJmpvT2o,Arts and Entertainment,Music,music,/content/embeddings/music/k1GlJmpvT2o.pt,ok,,/content/embeddings/music/k1GlJmpvT2o.pt
UBL-ejsRr8g,https://www.youtube.com/watch?v=UBL-ejsRr8g,Arts and Entertainment,Costumes,costumes,/content/embeddings/costumes/UBL-ejsRr8g.pt,ok,,/content/embeddings/costumes/UBL-ejsRr8g.pt
5M0NOY-Q99Y,https://www.youtube.com/watch?v=5M0NOY-Q99Y,Arts and Entertainment,Books,books,/content/embeddings/books/5M0NOY-Q99Y.pt,ok,,/content/embeddings/books/5M0NOY-Q99Y.pt
_g_Lkb1VFSA,https://www.youtube.com/watch?v=_g_Lkb1VFSA,Arts and Entertainment,Costumes,costumes,/content/embeddings/costumes/_g_Lkb1VFSA.pt,ok,,/content/embeddings/costumes/_g_Lkb1VFSA.pt
my_IV5M4IjY,https://www.youtube.com/watch?v=my_IV5M4IjY,Arts and Entertainment,Music,music,/content/embeddings/music/my_IV5M4IjY.pt,ok,,/content/embeddings/music/my_IV5M4IjY.pt
weFRF-dJeHw,https://www.youtube.com/watch?v=weFRF-dJeHw,Arts and Entertainment,Movies,movies,/content/embeddings/movies/weFRF-dJeHw.pt,ok,,/content/embeddings/movies/weFRF-dJeHw.pt
3uNRRVw3iYk,https://www.youtube.com/watch?v=3uNRRVw3iYk,Arts and Entertainment,Music,music,/content/embeddings/music/3uNRRVw3iYk.pt,ok,,/content/embeddings/music/3uNRRVw3iYk.pt
-eGFsWHGong,https://www.youtube.com/watch?v=-eGFsWHGong,Arts and Entertainment,Music,music,/content/embeddings/music/-eGFsWHGong.pt,ok,,/content/embeddings/music/-eGFsWHGong.pt
vYt0Aa3J9bg,https://www.youtube.com/watch?v=vYt0Aa3J9bg,Arts and Entertainment,Music,music,/content/embeddings/music/vYt0Aa3J9bg.pt,ok,,/content/embeddings/music/vYt0Aa3J9bg.pt
bulStg8TIIs,https://www.youtube.com/watch?v=bulStg8TIIs,Arts and Entertainment,Music,music,/content/embeddings/music/bulStg8TIIs.pt,ok,,/content/embeddings/music/bulStg8TIIs.pt
uyJf8PzmbcM,https://www.youtube.com/watch?v=uyJf8PzmbcM,Arts and Entertainment,Movies,movies,/content/embeddings/movies/uyJf8PzmbcM.pt,ok,,/content/embeddings/movies/uyJf8PzmbcM.pt
88y8QhaEu24,https://www.youtube.com/watch?v=88y8QhaEu24,Arts and Entertainment,Costumes,costumes,/content/embeddings/costumes/88y8QhaEu24.pt,ok,,/content/embeddings/costumes/88y8QhaEu24.pt
jtR16_OnXr8,https://www.youtube.com/watch?v=jtR16_OnXr8,Arts and Entertainment,Costumes,costumes,/content/embeddings/costumes/jtR16_OnXr8.pt,ok,,/content/embeddings/costumes/jtR16_OnXr8.pt
Dl_oSIC13G8,https://www.youtube.com/watch?v=Dl_oSIC13G8,Arts and Entertainment,Music,music,/content/embeddings/music/Dl_oSIC13G8.pt,ok,,/content/embeddings/music/Dl_oSIC13G8.pt
-GlwYOCfkpI,https://www.youtube.com/watch?v=-GlwYOCfkpI,Arts and Entertainment,Music,music,/content/embeddings/music/-GlwYOCfkpI.pt,ok,,/content/embeddings/music/-GlwYOCfkpI.pt
